time,type,user_name,pc_name,win_title,win_urlpath,win_hwnd,win_class,app_path,app_pid,capimg,period,ope_action,ope_value,ope_boxw,ope_boxh,ope_boxt,ope_boxl,html_type,html_tag,html_value,html_id,html_name,html_title,html_class,excel_book,excel_sheet,excel_cellpos,captureChangeFlg,pastOpeAdjust,getlabel,plugin,explanation,snapshot_id,snapshot_label,base_file,target_file,manipId,paramM,paramN,similarity
2024-04-15T13:39:20+0900,window_open,Ryoma Takahashi,DESKTOP-Q316RCS,ShortCut - Tablacus Explorer,,66644,TablacusExplorer,D:\te240227\TE64.exe,1964,,,,,,,,,,,,,,,,,,,,,,,,null,null,C:\Users\vumic\Downloads\ツール資材_20240903\04_デモ用操作ログ\UC3\UC3_自組織\bdot20240415_133919.log,null,null,null,null,null
2024-04-15T13:39:20+0900,window_open,Ryoma Takahashi,DESKTOP-Q316RCS,mainpage.html - Documents_BIST_Tsukuba2024 (ワークスペース) - Visual Studio Code,,9440070,Chrome_WidgetWin_1,C:\Users\Ryoma Takahashi\AppData\Local\Programs\Microsoft VS Code\Code.exe,2032,,,,,,,,,,,,,,,,,,,,,,,,null,null,C:\Users\vumic\Downloads\ツール資材_20240903\04_デモ用操作ログ\UC3\UC3_自組織\bdot20240415_133919.log,null,null,null,null,null
2024-04-15T13:39:20+0900,window_open,Ryoma Takahashi,DESKTOP-Q316RCS,XX社業務システム - Google Chrome,,197686,Chrome_WidgetWin_1,C:\Program Files\Google\Chrome\Application\chrome.exe,11596,,,,,,,,,,,,,,,,,,,,,,,,null,null,C:\Users\vumic\Downloads\ツール資材_20240903\04_デモ用操作ログ\UC3\UC3_自組織\bdot20240415_133919.log,null,null,null,null,null
2024-04-15T13:39:20+0900,window_open,Ryoma Takahashi,DESKTOP-Q316RCS,セットアップ,,8850290,TApplication,C:\Users\RYOMAT~1\AppData\Local\Temp\is-VRVIS.tmp\CodeSetup-stable-e170252f762678dec6ca2cc69aba1570769a5d39.tmp,13240,,,,,,,,,,,,,,,,,,,,,,,,null,null,C:\Users\vumic\Downloads\ツール資材_20240903\04_デモ用操作ログ\UC3\UC3_自組織\bdot20240415_133919.log,null,null,null,null,null
2024-04-15T13:39:20+0900,window_open,Ryoma Takahashi,DESKTOP-Q316RCS,Program Manager,C:\Users\Ryoma Takahashi\Desktop,65824,Progman,C:\Windows\explorer.exe,1564,,,,,,,,,,,,,,,,,,,,,,,,null,null,C:\Users\vumic\Downloads\ツール資材_20240903\04_デモ用操作ログ\UC3\UC3_自組織\bdot20240415_133919.log,null,null,null,null,null
2024-04-15T13:39:23+0900,window_active,Ryoma Takahashi,DESKTOP-Q316RCS,XX社業務システム - Google Chrome,,197686,Chrome_WidgetWin_1,C:\Program Files\Google\Chrome\Application\chrome.exe,11596,bdot20240415_133919/0415_133923_0.png,,,,,,,,,,,,,,,,,,,,,,,null,null,C:\Users\vumic\Downloads\ツール資材_20240903\04_デモ用操作ログ\UC3\UC3_自組織\bdot20240415_133919.log,null,null,null,null,null
2024-04-15T13:39:26+0900,window_change,,,,file:///D:/Work/AS%E7%A0%94/Git/Documents_BIST_Tsukuba2024/99_%E3%81%9D%E3%81%AE%E4%BB%96/20240404_%E6%A5%AD%E5%8B%99%E6%94%B9%E5%96%84%E3%83%87%E3%83%A2%E3%82%B7%E3%83%8A%E3%83%AA%E3%82%AA_%E8%8D%89%E6%A1%88/mainpage.html,197686,,,,,,,,,,,,,,,,,,,,,,,,,,,null,null,C:\Users\vumic\Downloads\ツール資材_20240903\04_デモ用操作ログ\UC3\UC3_自組織\bdot20240415_133919.log,null,null,null,null,null
2024-04-15T13:39:29+0900,operation,Ryoma Takahashi,DESKTOP-Q316RCS,XX社業務システム - Google Chrome,file:///D:/Work/AS%E7%A0%94/Git/Documents_BIST_Tsukuba2024/99_%E3%81%9D%E3%81%AE%E4%BB%96/20240404_%E6%A5%AD%E5%8B%99%E6%94%B9%E5%96%84%E3%83%87%E3%83%A2%E3%82%B7%E3%83%8A%E3%83%AA%E3%82%AA_%E8%8D%89%E6%A1%88/mainpage.html,197686,Chrome_WidgetWin_1,C:\Program Files\Google\Chrome\Application\chrome.exe,11596,bdot20240415_133919/0415_133929_0.png,,click,商品納入・工事予約管理システム,300,53,215,52,submit,BUTTON,,reserve,,,button1,,,,true,[],"{""labelinfo"":""""}",,「商品納入・工事予約管理システム」を押下する,null,null,C:\Users\vumic\Downloads\ツール資材_20240903\04_デモ用操作ログ\UC3\UC3_自組織\bdot20240415_133919.log,null,null,null,null,null
2024-04-15T13:39:38+0900,operation,Ryoma Takahashi,DESKTOP-Q316RCS,予約管理システム - ログイン画面 - Google Chrome,file:///D:/Work/AS%E7%A0%94/Git/Documents_BIST_Tsukuba2024/99_%E3%81%9D%E3%81%AE%E4%BB%96/20240404_%E6%A5%AD%E5%8B%99%E6%94%B9%E5%96%84%E3%83%87%E3%83%A2%E3%82%B7%E3%83%8A%E3%83%AA%E3%82%AA_%E8%8D%89%E6%A1%88/reserve/loginpage_reserve.html,197686,Chrome_WidgetWin_1,C:\Program Files\Google\Chrome\Application\chrome.exe,11596,bdot20240415_133919/0415_133938_0.png,,value_change,onlyorder,181,27,199,178,text,INPUT,onlyorder,,,,textbox,,,,true,[],"{""labelinfo"":""予約管理システム""}",,「予約管理システム」へ「onlyorder」を入力する,null,null,C:\Users\vumic\Downloads\ツール資材_20240903\04_デモ用操作ログ\UC3\UC3_自組織\bdot20240415_133919.log,null,null,null,null,null
2024-04-15T13:39:42+0900,operation,Ryoma Takahashi,DESKTOP-Q316RCS,予約管理システム - ログイン画面 - Google Chrome,file:///D:/Work/AS%E7%A0%94/Git/Documents_BIST_Tsukuba2024/99_%E3%81%9D%E3%81%AE%E4%BB%96/20240404_%E6%A5%AD%E5%8B%99%E6%94%B9%E5%96%84%E3%83%87%E3%83%A2%E3%82%B7%E3%83%8A%E3%83%AA%E3%82%AA_%E8%8D%89%E6%A1%88/reserve/loginpage_reserve.html,197686,Chrome_WidgetWin_1,C:\Program Files\Google\Chrome\Application\chrome.exe,11596,bdot20240415_133919/0415_133938_0.png,,value_change,<PASSWORD>,181,27,226,178,password,INPUT,<PASSWORD>,,,,textbox,,,,false,"[{""ope_boxh"":27,""ope_boxl"":178,""ope_boxt"":199,""ope_boxw"":181}]","{""labelinfo"":""予約管理システム""}",,「予約管理システム」へ「<PASSWORD>」を入力する,null,null,C:\Users\vumic\Downloads\ツール資材_20240903\04_デモ用操作ログ\UC3\UC3_自組織\bdot20240415_133919.log,null,null,null,null,null
2024-04-15T13:39:42+0900,operation,Ryoma Takahashi,DESKTOP-Q316RCS,予約管理システム - ログイン画面 - Google Chrome,file:///D:/Work/AS%E7%A0%94/Git/Documents_BIST_Tsukuba2024/99_%E3%81%9D%E3%81%AE%E4%BB%96/20240404_%E6%A5%AD%E5%8B%99%E6%94%B9%E5%96%84%E3%83%87%E3%83%A2%E3%82%B7%E3%83%8A%E3%83%AA%E3%82%AA_%E8%8D%89%E6%A1%88/reserve/loginpage_reserve.html,197686,Chrome_WidgetWin_1,C:\Program Files\Google\Chrome\Application\chrome.exe,11596,bdot20240415_133919/0415_133938_0.png,,click,送信,56,37,253,82,submit,BUTTON,,,,,button,,,,false,"[{""ope_boxh"":27,""ope_boxl"":178,""ope_boxt"":199,""ope_boxw"":181},{""ope_boxh"":27,""ope_boxl"":178,""ope_boxt"":226,""ope_boxw"":181}]","{""labelinfo"":""予約管理システム""}",,「送信」を押下する,null,null,C:\Users\vumic\Downloads\ツール資材_20240903\04_デモ用操作ログ\UC3\UC3_自組織\bdot20240415_133919.log,null,null,null,null,null
2024-04-15T13:39:43+0900,operation,Ryoma Takahashi,DESKTOP-Q316RCS,予約管理システム - Google Chrome,file:///D:/Work/AS%E7%A0%94/Git/Documents_BIST_Tsukuba2024/99_%E3%81%9D%E3%81%AE%E4%BB%96/20240404_%E6%A5%AD%E5%8B%99%E6%94%B9%E5%96%84%E3%83%87%E3%83%A2%E3%82%B7%E3%83%8A%E3%83%AA%E3%82%AA_%E8%8D%89%E6%A1%88/reserve/mainMenuPage.html,197686,Chrome_WidgetWin_1,C:\Program Files\Google\Chrome\Application\chrome.exe,11596,bdot20240415_133919/0415_133943_0.png,,click,メーカ様向け　　　　　\n商品納入予約,300,75,250,82,submit,BUTTON,,product,,,button,,,,true,[],"{""labelinfo"":""ようこそ　XXXXXさん""}",,「メーカ様向け　　　　　商品納入予約」を押下する,null,null,C:\Users\vumic\Downloads\ツール資材_20240903\04_デモ用操作ログ\UC3\UC3_自組織\bdot20240415_133919.log,null,null,null,null,null
2024-04-15T13:39:47+0900,operation,Ryoma Takahashi,DESKTOP-Q316RCS,予約管理システム - 納品予約管理 - Google Chrome,file:///D:/Work/AS%E7%A0%94/Git/Documents_BIST_Tsukuba2024/99_%E3%81%9D%E3%81%AE%E4%BB%96/20240404_%E6%A5%AD%E5%8B%99%E6%94%B9%E5%96%84%E3%83%87%E3%83%A2%E3%82%B7%E3%83%8A%E3%83%AA%E3%82%AA_%E8%8D%89%E6%A1%88/reserve/deliverReqest.html,197686,Chrome_WidgetWin_1,C:\Program Files\Google\Chrome\Application\chrome.exe,11596,bdot20240415_133919/0415_133947_0.png,,value_change,2024-04-09,112.328125,21.328125,293.84375,199,date,INPUT,2024-04-09,,,,,,,,true,[],"{""labelinfo"":""作成日：""}",,「作成日：」へ「2024-04-09」を選択する,null,null,C:\Users\vumic\Downloads\ツール資材_20240903\04_デモ用操作ログ\UC3\UC3_自組織\bdot20240415_133919.log,null,null,null,null,null
2024-04-15T13:39:51+0900,operation,Ryoma Takahashi,DESKTOP-Q316RCS,予約管理システム - 納品予約管理 - Google Chrome,file:///D:/Work/AS%E7%A0%94/Git/Documents_BIST_Tsukuba2024/99_%E3%81%9D%E3%81%AE%E4%BB%96/20240404_%E6%A5%AD%E5%8B%99%E6%94%B9%E5%96%84%E3%83%87%E3%83%A2%E3%82%B7%E3%83%8A%E3%83%AA%E3%82%AA_%E8%8D%89%E6%A1%88/reserve/deliverReqest.html,197686,Chrome_WidgetWin_1,C:\Program Files\Google\Chrome\Application\chrome.exe,11596,bdot20240415_133919/0415_133947_0.png,,value_change,10001,181,27,345,199,text,INPUT,10001,,,,textbox,,,,false,"[{""ope_boxh"":21.328125,""ope_boxl"":199,""ope_boxt"":293.84375,""ope_boxw"":112.328125}]","{""labelinfo"":""案件ID：""}",,「案件ID：」へ「10001」を入力する,null,null,C:\Users\vumic\Downloads\ツール資材_20240903\04_デモ用操作ログ\UC3\UC3_自組織\bdot20240415_133919.log,null,null,null,null,null
2024-04-15T13:39:54+0900,operation,Ryoma Takahashi,DESKTOP-Q316RCS,予約管理システム - 納品予約管理 - Google Chrome,file:///D:/Work/AS%E7%A0%94/Git/Documents_BIST_Tsukuba2024/99_%E3%81%9D%E3%81%AE%E4%BB%96/20240404_%E6%A5%AD%E5%8B%99%E6%94%B9%E5%96%84%E3%83%87%E3%83%A2%E3%82%B7%E3%83%8A%E3%83%AA%E3%82%AA_%E8%8D%89%E6%A1%88/reserve/deliverReqest.html,197686,Chrome_WidgetWin_1,C:\Program Files\Google\Chrome\Application\chrome.exe,11596,bdot20240415_133919/0415_133947_0.png,,value_change,ミドルスペック,181,27,462,199,text,INPUT,ミドルスペック,productName,,,textbox,,,,false,"[{""ope_boxh"":21.328125,""ope_boxl"":199,""ope_boxt"":293.84375,""ope_boxw"":112.328125},{""ope_boxh"":27,""ope_boxl"":199,""ope_boxt"":345,""ope_boxw"":181}]","{""labelinfo"":""商品名：""}",,「商品名：」へ「ミドルスペック」を入力する,null,null,C:\Users\vumic\Downloads\ツール資材_20240903\04_デモ用操作ログ\UC3\UC3_自組織\bdot20240415_133919.log,null,null,null,null,null
2024-04-15T13:39:55+0900,operation,Ryoma Takahashi,DESKTOP-Q316RCS,予約管理システム - 納品予約管理 - Google Chrome,file:///D:/Work/AS%E7%A0%94/Git/Documents_BIST_Tsukuba2024/99_%E3%81%9D%E3%81%AE%E4%BB%96/20240404_%E6%A5%AD%E5%8B%99%E6%94%B9%E5%96%84%E3%83%87%E3%83%A2%E3%82%B7%E3%83%8A%E3%83%AA%E3%82%AA_%E8%8D%89%E6%A1%88/reserve/deliverReqest.html,197686,Chrome_WidgetWin_1,C:\Program Files\Google\Chrome\Application\chrome.exe,11596,bdot20240415_133919/0415_133955_0.png,,value_change,2024-04-17,112.328125,21.328125,519.84375,215,date,INPUT,2024-04-17,deliverDate,,,,,,,true,[],"{""labelinfo"":""希望納期：""}",,「希望納期：」へ「2024-04-17」を選択する,null,null,C:\Users\vumic\Downloads\ツール資材_20240903\04_デモ用操作ログ\UC3\UC3_自組織\bdot20240415_133919.log,null,null,null,null,null
2024-04-15T13:40:02+0900,operation,Ryoma Takahashi,DESKTOP-Q316RCS,予約管理システム - 納品予約管理 - Google Chrome,file:///D:/Work/AS%E7%A0%94/Git/Documents_BIST_Tsukuba2024/99_%E3%81%9D%E3%81%AE%E4%BB%96/20240404_%E6%A5%AD%E5%8B%99%E6%94%B9%E5%96%84%E3%83%87%E3%83%A2%E3%82%B7%E3%83%8A%E3%83%AA%E3%82%AA_%E8%8D%89%E6%A1%88/reserve/deliverReqest.html,197686,Chrome_WidgetWin_1,C:\Program Files\Google\Chrome\Application\chrome.exe,11596,bdot20240415_133919/0415_133955_0.png,,value_change,MDL-800,181,27,542,231,text,INPUT,MDL-800,productCode,,,textbox,,,,false,"[{""ope_boxh"":21.328125,""ope_boxl"":215,""ope_boxt"":519.84375,""ope_boxw"":112.328125}]","{""labelinfo"":""品目コード：""}",,「品目コード：」へ「MDL-800」を入力する,null,null,C:\Users\vumic\Downloads\ツール資材_20240903\04_デモ用操作ログ\UC3\UC3_自組織\bdot20240415_133919.log,null,null,null,null,null
2024-04-15T13:40:02+0900,operation,Ryoma Takahashi,DESKTOP-Q316RCS,予約管理システム - 納品予約管理 - Google Chrome,file:///D:/Work/AS%E7%A0%94/Git/Documents_BIST_Tsukuba2024/99_%E3%81%9D%E3%81%AE%E4%BB%96/20240404_%E6%A5%AD%E5%8B%99%E6%94%B9%E5%96%84%E3%83%87%E3%83%A2%E3%82%B7%E3%83%8A%E3%83%AA%E3%82%AA_%E8%8D%89%E6%A1%88/reserve/deliverReqest.html,197686,Chrome_WidgetWin_1,C:\Program Files\Google\Chrome\Application\chrome.exe,11596,bdot20240415_133919/0415_133955_0.png,,value_change,1,181,27,659,263,text,INPUT,1,orderGuess,,,textbox,,,,false,"[{""ope_boxh"":21.328125,""ope_boxl"":215,""ope_boxt"":519.84375,""ope_boxw"":112.328125},{""ope_boxh"":27,""ope_boxl"":231,""ope_boxt"":542,""ope_boxw"":181}]","{""labelinfo"":""受注見込み件数：""}",,「受注見込み件数：」へ「1」を入力する,null,null,C:\Users\vumic\Downloads\ツール資材_20240903\04_デモ用操作ログ\UC3\UC3_自組織\bdot20240415_133919.log,null,null,null,null,null
2024-04-15T13:40:05+0900,operation,Ryoma Takahashi,DESKTOP-Q316RCS,予約管理システム - 納品予約管理 - Google Chrome,file:///D:/Work/AS%E7%A0%94/Git/Documents_BIST_Tsukuba2024/99_%E3%81%9D%E3%81%AE%E4%BB%96/20240404_%E6%A5%AD%E5%8B%99%E6%94%B9%E5%96%84%E3%83%87%E3%83%A2%E3%82%B7%E3%83%8A%E3%83%AA%E3%82%AA_%E8%8D%89%E6%A1%88/reserve/deliverReqest.html,197686,Chrome_WidgetWin_1,C:\Program Files\Google\Chrome\Application\chrome.exe,11596,bdot20240415_133919/0415_133955_0.png,,value_change,80000,181,27,686,215,text,INPUT,80000,Price,,,textbox,,,,false,"[{""ope_boxh"":21.328125,""ope_boxl"":215,""ope_boxt"":519.84375,""ope_boxw"":112.328125},{""ope_boxh"":27,""ope_boxl"":231,""ope_boxt"":542,""ope_boxw"":181},{""ope_boxh"":27,""ope_boxl"":263,""ope_boxt"":659,""ope_boxw"":181}]","{""labelinfo"":""希望単価：""}",,「希望単価：」へ「80000」を入力する,null,null,C:\Users\vumic\Downloads\ツール資材_20240903\04_デモ用操作ログ\UC3\UC3_自組織\bdot20240415_133919.log,null,null,null,null,null
2024-04-15T13:40:05+0900,operation,Ryoma Takahashi,DESKTOP-Q316RCS,予約管理システム - 納品予約管理 - Google Chrome,file:///D:/Work/AS%E7%A0%94/Git/Documents_BIST_Tsukuba2024/99_%E3%81%9D%E3%81%AE%E4%BB%96/20240404_%E6%A5%AD%E5%8B%99%E6%94%B9%E5%96%84%E3%83%87%E3%83%A2%E3%82%B7%E3%83%8A%E3%83%AA%E3%82%AA_%E8%8D%89%E6%A1%88/reserve/deliverReqest.html,197686,Chrome_WidgetWin_1,C:\Program Files\Google\Chrome\Application\chrome.exe,11596,bdot20240415_133919/0415_133955_0.png,,click,送信,56,37,785,82,submit,BUTTON,,,,,button,,,,false,"[{""ope_boxh"":21.328125,""ope_boxl"":215,""ope_boxt"":519.84375,""ope_boxw"":112.328125},{""ope_boxh"":27,""ope_boxl"":231,""ope_boxt"":542,""ope_boxw"":181},{""ope_boxh"":27,""ope_boxl"":263,""ope_boxt"":659,""ope_boxw"":181},{""ope_boxh"":27,""ope_boxl"":215,""ope_boxt"":686,""ope_boxw"":181}]","{""labelinfo"":""単位：""}",,「送信」を押下する,null,null,C:\Users\vumic\Downloads\ツール資材_20240903\04_デモ用操作ログ\UC3\UC3_自組織\bdot20240415_133919.log,null,null,null,null,null
2024-04-15T13:40:08+0900,operation,Ryoma Takahashi,DESKTOP-Q316RCS,予約管理システム - Google Chrome,file:///D:/Work/AS%E7%A0%94/Git/Documents_BIST_Tsukuba2024/99_%E3%81%9D%E3%81%AE%E4%BB%96/20240404_%E6%A5%AD%E5%8B%99%E6%94%B9%E5%96%84%E3%83%87%E3%83%A2%E3%82%B7%E3%83%8A%E3%83%AA%E3%82%AA_%E8%8D%89%E6%A1%88/reserve/mainMenuPage.html,197686,Chrome_WidgetWin_1,C:\Program Files\Google\Chrome\Application\chrome.exe,11596,bdot20240415_133919/0415_134008_0.png,,click,工事部門向け　　　　　\n工事可能日予約,300,75,250,406.453125,submit,BUTTON,,construction,,,button,,,,true,[],"{""labelinfo"":""メーカ様向け　　　　　""}",,「工事部門向け　　　　　工事可能日予約」を押下する,null,null,C:\Users\vumic\Downloads\ツール資材_20240903\04_デモ用操作ログ\UC3\UC3_自組織\bdot20240415_133919.log,null,null,null,null,null
2024-04-15T13:40:12+0900,window_change,,,予約管理システム - 工事予約 - Google Chrome,file:///D:/Work/AS%E7%A0%94/Git/Documents_BIST_Tsukuba2024/99_%E3%81%9D%E3%81%AE%E4%BB%96/20240404_%E6%A5%AD%E5%8B%99%E6%94%B9%E5%96%84%E3%83%87%E3%83%A2%E3%82%B7%E3%83%8A%E3%83%AA%E3%82%AA_%E8%8D%89%E6%A1%88/reserve/constructionReqest.html,197686,,,,,,,,,,,,,,,,,,,,,,,,,,,null,null,C:\Users\vumic\Downloads\ツール資材_20240903\04_デモ用操作ログ\UC3\UC3_自組織\bdot20240415_133919.log,null,null,null,null,null
2024-04-15T13:40:18+0900,operation,Ryoma Takahashi,DESKTOP-Q316RCS,予約管理システム - 工事予約 - Google Chrome,file:///D:/Work/AS%E7%A0%94/Git/Documents_BIST_Tsukuba2024/99_%E3%81%9D%E3%81%AE%E4%BB%96/20240404_%E6%A5%AD%E5%8B%99%E6%94%B9%E5%96%84%E3%83%87%E3%83%A2%E3%82%B7%E3%83%8A%E3%83%AA%E3%82%AA_%E8%8D%89%E6%A1%88/reserve/constructionReqest.html,197686,Chrome_WidgetWin_1,C:\Program Files\Google\Chrome\Application\chrome.exe,11596,bdot20240415_133919/0415_134018_0.png,,value_change,2024-04-22,112.328125,21.328125,293.84375,199,date,INPUT,2024-04-22,,,,,,,,true,[],"{""labelinfo"":""作成日：""}",,「作成日：」へ「2024-04-22」を選択する,null,null,C:\Users\vumic\Downloads\ツール資材_20240903\04_デモ用操作ログ\UC3\UC3_自組織\bdot20240415_133919.log,null,null,null,null,null
2024-04-15T13:40:21+0900,operation,Ryoma Takahashi,DESKTOP-Q316RCS,予約管理システム - 工事予約 - Google Chrome,file:///D:/Work/AS%E7%A0%94/Git/Documents_BIST_Tsukuba2024/99_%E3%81%9D%E3%81%AE%E4%BB%96/20240404_%E6%A5%AD%E5%8B%99%E6%94%B9%E5%96%84%E3%83%87%E3%83%A2%E3%82%B7%E3%83%8A%E3%83%AA%E3%82%AA_%E8%8D%89%E6%A1%88/reserve/constructionReqest.html,197686,Chrome_WidgetWin_1,C:\Program Files\Google\Chrome\Application\chrome.exe,11596,bdot20240415_133919/0415_134021_0.png,,value_change,2024-04-09,112.328125,21.328125,293.84375,199,date,INPUT,2024-04-09,,,,,,,,true,[],"{""labelinfo"":""作成日：""}",,「作成日：」へ「2024-04-09」を選択する,null,null,C:\Users\vumic\Downloads\ツール資材_20240903\04_デモ用操作ログ\UC3\UC3_自組織\bdot20240415_133919.log,null,null,null,null,null
2024-04-15T13:40:28+0900,operation,Ryoma Takahashi,DESKTOP-Q316RCS,予約管理システム - 工事予約 - Google Chrome,file:///D:/Work/AS%E7%A0%94/Git/Documents_BIST_Tsukuba2024/99_%E3%81%9D%E3%81%AE%E4%BB%96/20240404_%E6%A5%AD%E5%8B%99%E6%94%B9%E5%96%84%E3%83%87%E3%83%A2%E3%82%B7%E3%83%8A%E3%83%AA%E3%82%AA_%E8%8D%89%E6%A1%88/reserve/constructionReqest.html,197686,Chrome_WidgetWin_1,C:\Program Files\Google\Chrome\Application\chrome.exe,11596,bdot20240415_133919/0415_134021_0.png,,value_change,AAA-1,181,27,345,199,text,INPUT,AAA-1,,,,textbox,,,,false,"[{""ope_boxh"":21.328125,""ope_boxl"":199,""ope_boxt"":293.84375,""ope_boxw"":112.328125}]","{""labelinfo"":""案件ID：""}",,「案件ID：」へ「AAA-1」を入力する,null,null,C:\Users\vumic\Downloads\ツール資材_20240903\04_デモ用操作ログ\UC3\UC3_自組織\bdot20240415_133919.log,null,null,null,null,null
2024-04-15T13:40:31+0900,operation,Ryoma Takahashi,DESKTOP-Q316RCS,予約管理システム - 工事予約 - Google Chrome,file:///D:/Work/AS%E7%A0%94/Git/Documents_BIST_Tsukuba2024/99_%E3%81%9D%E3%81%AE%E4%BB%96/20240404_%E6%A5%AD%E5%8B%99%E6%94%B9%E5%96%84%E3%83%87%E3%83%A2%E3%82%B7%E3%83%8A%E3%83%AA%E3%82%AA_%E8%8D%89%E6%A1%88/reserve/constructionReqest.html,197686,Chrome_WidgetWin_1,C:\Program Files\Google\Chrome\Application\chrome.exe,11596,bdot20240415_133919/0415_134021_0.png,,value_change,ミドルスペック,181,27,462,199,text,INPUT,ミドルスペック,,,,textbox,,,,false,"[{""ope_boxh"":21.328125,""ope_boxl"":199,""ope_boxt"":293.84375,""ope_boxw"":112.328125},{""ope_boxh"":27,""ope_boxl"":199,""ope_boxt"":345,""ope_boxw"":181}]","{""labelinfo"":""商品名：""}",,「商品名：」へ「ミドルスペック」を入力する,null,null,C:\Users\vumic\Downloads\ツール資材_20240903\04_デモ用操作ログ\UC3\UC3_自組織\bdot20240415_133919.log,null,null,null,null,null
2024-04-15T13:40:36+0900,operation,Ryoma Takahashi,DESKTOP-Q316RCS,予約管理システム - 工事予約 - Google Chrome,file:///D:/Work/AS%E7%A0%94/Git/Documents_BIST_Tsukuba2024/99_%E3%81%9D%E3%81%AE%E4%BB%96/20240404_%E6%A5%AD%E5%8B%99%E6%94%B9%E5%96%84%E3%83%87%E3%83%A2%E3%82%B7%E3%83%8A%E3%83%AA%E3%82%AA_%E8%8D%89%E6%A1%88/reserve/constructionReqest.html,197686,Chrome_WidgetWin_1,C:\Program Files\Google\Chrome\Application\chrome.exe,11596,bdot20240415_133919/0415_134021_0.png,,value_change,MDL-800,181,27,518,231,text,INPUT,MDL-800,,,,textbox,,,,false,"[{""ope_boxh"":21.328125,""ope_boxl"":199,""ope_boxt"":293.84375,""ope_boxw"":112.328125},{""ope_boxh"":27,""ope_boxl"":199,""ope_boxt"":345,""ope_boxw"":181},{""ope_boxh"":27,""ope_boxl"":199,""ope_boxt"":462,""ope_boxw"":181}]","{""labelinfo"":""品目コード：""}",,「品目コード：」へ「MDL-800」を入力する,null,null,C:\Users\vumic\Downloads\ツール資材_20240903\04_デモ用操作ログ\UC3\UC3_自組織\bdot20240415_133919.log,null,null,null,null,null
2024-04-15T13:40:37+0900,operation,Ryoma Takahashi,DESKTOP-Q316RCS,予約管理システム - 工事予約 - Google Chrome,file:///D:/Work/AS%E7%A0%94/Git/Documents_BIST_Tsukuba2024/99_%E3%81%9D%E3%81%AE%E4%BB%96/20240404_%E6%A5%AD%E5%8B%99%E6%94%B9%E5%96%84%E3%83%87%E3%83%A2%E3%82%B7%E3%83%8A%E3%83%AA%E3%82%AA_%E8%8D%89%E6%A1%88/reserve/constructionReqest.html,197686,Chrome_WidgetWin_1,C:\Program Files\Google\Chrome\Application\chrome.exe,11596,bdot20240415_133919/0415_134021_0.png,,value_change,1,181,27,545,199,text,INPUT,1,,,,textbox,,,,false,"[{""ope_boxh"":21.328125,""ope_boxl"":199,""ope_boxt"":293.84375,""ope_boxw"":112.328125},{""ope_boxh"":27,""ope_boxl"":199,""ope_boxt"":345,""ope_boxw"":181},{""ope_boxh"":27,""ope_boxl"":199,""ope_boxt"":462,""ope_boxw"":181},{""ope_boxh"":27,""ope_boxl"":231,""ope_boxt"":518,""ope_boxw"":181}]","{""labelinfo"":""納入数：""}",,「納入数：」へ「1」を入力する,null,null,C:\Users\vumic\Downloads\ツール資材_20240903\04_デモ用操作ログ\UC3\UC3_自組織\bdot20240415_133919.log,null,null,null,null,null
2024-04-15T13:40:37+0900,operation,Ryoma Takahashi,DESKTOP-Q316RCS,予約管理システム - 工事予約 - Google Chrome,file:///D:/Work/AS%E7%A0%94/Git/Documents_BIST_Tsukuba2024/99_%E3%81%9D%E3%81%AE%E4%BB%96/20240404_%E6%A5%AD%E5%8B%99%E6%94%B9%E5%96%84%E3%83%87%E3%83%A2%E3%82%B7%E3%83%8A%E3%83%AA%E3%82%AA_%E8%8D%89%E6%A1%88/reserve/constructionReqest.html,197686,Chrome_WidgetWin_1,C:\Program Files\Google\Chrome\Application\chrome.exe,11596,bdot20240415_133919/0415_134021_0.png,,value_change,1,181,27,662,295,text,INPUT,1,,,,textbox,,,,false,"[{""ope_boxh"":21.328125,""ope_boxl"":199,""ope_boxt"":293.84375,""ope_boxw"":112.328125},{""ope_boxh"":27,""ope_boxl"":199,""ope_boxt"":345,""ope_boxw"":181},{""ope_boxh"":27,""ope_boxl"":199,""ope_boxt"":462,""ope_boxw"":181},{""ope_boxh"":27,""ope_boxl"":231,""ope_boxt"":518,""ope_boxw"":181},{""ope_boxh"":27,""ope_boxl"":199,""ope_boxt"":545,""ope_boxw"":181}]","{""labelinfo"":""工事受注見込み件数：""}",,「工事受注見込み件数：」へ「1」を入力する,null,null,C:\Users\vumic\Downloads\ツール資材_20240903\04_デモ用操作ログ\UC3\UC3_自組織\bdot20240415_133919.log,null,null,null,null,null
2024-04-15T13:40:41+0900,operation,Ryoma Takahashi,DESKTOP-Q316RCS,予約管理システム - 工事予約 - Google Chrome,file:///D:/Work/AS%E7%A0%94/Git/Documents_BIST_Tsukuba2024/99_%E3%81%9D%E3%81%AE%E4%BB%96/20240404_%E6%A5%AD%E5%8B%99%E6%94%B9%E5%96%84%E3%83%87%E3%83%A2%E3%82%B7%E3%83%8A%E3%83%AA%E3%82%AA_%E8%8D%89%E6%A1%88/reserve/constructionReqest.html,197686,Chrome_WidgetWin_1,C:\Program Files\Google\Chrome\Application\chrome.exe,11596,bdot20240415_133919/0415_134021_0.png,,value_change,東京都,181,27,689,215,text,INPUT,東京都,,,,textbox,,,,false,"[{""ope_boxh"":21.328125,""ope_boxl"":199,""ope_boxt"":293.84375,""ope_boxw"":112.328125},{""ope_boxh"":27,""ope_boxl"":199,""ope_boxt"":345,""ope_boxw"":181},{""ope_boxh"":27,""ope_boxl"":199,""ope_boxt"":462,""ope_boxw"":181},{""ope_boxh"":27,""ope_boxl"":231,""ope_boxt"":518,""ope_boxw"":181},{""ope_boxh"":27,""ope_boxl"":199,""ope_boxt"":545,""ope_boxw"":181},{""ope_boxh"":27,""ope_boxl"":295,""ope_boxt"":662,""ope_boxw"":181}]","{""labelinfo"":""設置場所：""}",,「設置場所：」へ「東京都」を入力する,null,null,C:\Users\vumic\Downloads\ツール資材_20240903\04_デモ用操作ログ\UC3\UC3_自組織\bdot20240415_133919.log,null,null,null,null,null
2024-04-15T13:40:42+0900,operation,Ryoma Takahashi,DESKTOP-Q316RCS,予約管理システム - 工事予約 - Google Chrome,file:///D:/Work/AS%E7%A0%94/Git/Documents_BIST_Tsukuba2024/99_%E3%81%9D%E3%81%AE%E4%BB%96/20240404_%E6%A5%AD%E5%8B%99%E6%94%B9%E5%96%84%E3%83%87%E3%83%A2%E3%82%B7%E3%83%8A%E3%83%AA%E3%82%AA_%E8%8D%89%E6%A1%88/reserve/constructionReqest.html,197686,Chrome_WidgetWin_1,C:\Program Files\Google\Chrome\Application\chrome.exe,11596,bdot20240415_133919/0415_134042_0.png,,value_change,2024-04-17,112.328125,21.328125,717.84375,231,date,INPUT,2024-04-17,,,,,,,,true,[],"{""labelinfo"":""納入可能日：""}",,「納入可能日：」へ「2024-04-17」を選択する,null,null,C:\Users\vumic\Downloads\ツール資材_20240903\04_デモ用操作ログ\UC3\UC3_自組織\bdot20240415_133919.log,null,null,null,null,null
2024-04-15T13:40:43+0900,operation,Ryoma Takahashi,DESKTOP-Q316RCS,予約管理システム - 工事予約 - Google Chrome,file:///D:/Work/AS%E7%A0%94/Git/Documents_BIST_Tsukuba2024/99_%E3%81%9D%E3%81%AE%E4%BB%96/20240404_%E6%A5%AD%E5%8B%99%E6%94%B9%E5%96%84%E3%83%87%E3%83%A2%E3%82%B7%E3%83%8A%E3%83%AA%E3%82%AA_%E8%8D%89%E6%A1%88/reserve/constructionReqest.html,197686,Chrome_WidgetWin_1,C:\Program Files\Google\Chrome\Application\chrome.exe,11596,bdot20240415_133919/0415_134042_0.png,,click,送信,56,37,783,82,submit,BUTTON,,,,,button,,,,false,"[{""ope_boxh"":21.328125,""ope_boxl"":231,""ope_boxt"":717.84375,""ope_boxw"":112.328125}]","{""labelinfo"":""納入可能日：""}",,「送信」を押下する,null,null,C:\Users\vumic\Downloads\ツール資材_20240903\04_デモ用操作ログ\UC3\UC3_自組織\bdot20240415_133919.log,null,null,null,null,null
2024-04-15T13:40:46+0900,operation,Ryoma Takahashi,DESKTOP-Q316RCS,予約管理システム - Google Chrome,file:///D:/Work/AS%E7%A0%94/Git/Documents_BIST_Tsukuba2024/99_%E3%81%9D%E3%81%AE%E4%BB%96/20240404_%E6%A5%AD%E5%8B%99%E6%94%B9%E5%96%84%E3%83%87%E3%83%A2%E3%82%B7%E3%83%8A%E3%83%AA%E3%82%AA_%E8%8D%89%E6%A1%88/reserve/mainMenuPage.html,197686,Chrome_WidgetWin_1,C:\Program Files\Google\Chrome\Application\chrome.exe,11596,bdot20240415_133919/0415_134046_0.png,,click,ログアウト,150,32,167,245.359375,submit,BUTTON,,logout,,,button3,,,,true,[],"{""labelinfo"":""ようこそ　XXXXXさん""}",,「ログアウト」を押下する,null,null,C:\Users\vumic\Downloads\ツール資材_20240903\04_デモ用操作ログ\UC3\UC3_自組織\bdot20240415_133919.log,null,null,null,null,null
2024-04-15T13:40:47+0900,operation,Ryoma Takahashi,DESKTOP-Q316RCS,予約管理システム - ログイン画面 - Google Chrome,file:///D:/Work/AS%E7%A0%94/Git/Documents_BIST_Tsukuba2024/99_%E3%81%9D%E3%81%AE%E4%BB%96/20240404_%E6%A5%AD%E5%8B%99%E6%94%B9%E5%96%84%E3%83%87%E3%83%A2%E3%82%B7%E3%83%8A%E3%83%AA%E3%82%AA_%E8%8D%89%E6%A1%88/reserve/loginpage_reserve.html,197686,Chrome_WidgetWin_1,C:\Program Files\Google\Chrome\Application\chrome.exe,11596,bdot20240415_133919/0415_134047_0.png,,click,戻る,56,37,253,162.453125,submit,BUTTON,,,,,button,,,,true,[],"{""labelinfo"":""送信""}",,「戻る」を押下する,null,null,C:\Users\vumic\Downloads\ツール資材_20240903\04_デモ用操作ログ\UC3\UC3_自組織\bdot20240415_133919.log,null,null,null,null,null
2024-04-15T13:40:50+0900,window_change,,,XX社業務システム - Google Chrome,file:///D:/Work/AS%E7%A0%94/Git/Documents_BIST_Tsukuba2024/99_%E3%81%9D%E3%81%AE%E4%BB%96/20240404_%E6%A5%AD%E5%8B%99%E6%94%B9%E5%96%84%E3%83%87%E3%83%A2%E3%82%B7%E3%83%8A%E3%83%AA%E3%82%AA_%E8%8D%89%E6%A1%88/mainpage.html,197686,,,,,,,,,,,,,,,,,,,,,,,,,,,null,null,C:\Users\vumic\Downloads\ツール資材_20240903\04_デモ用操作ログ\UC3\UC3_自組織\bdot20240415_133919.log,null,null,null,null,null
2024-04-15T13:40:51+0900,operation,Ryoma Takahashi,DESKTOP-Q316RCS,XX社業務システム - Google Chrome,file:///D:/Work/AS%E7%A0%94/Git/Documents_BIST_Tsukuba2024/99_%E3%81%9D%E3%81%AE%E4%BB%96/20240404_%E6%A5%AD%E5%8B%99%E6%94%B9%E5%96%84%E3%83%87%E3%83%A2%E3%82%B7%E3%83%8A%E3%83%AA%E3%82%AA_%E8%8D%89%E6%A1%88/mainpage.html,197686,Chrome_WidgetWin_1,C:\Program Files\Google\Chrome\Application\chrome.exe,11596,bdot20240415_133919/0415_134051_0.png,,click,商品発注システム,300,53,278,52,submit,BUTTON,,order,,,button2,,,,true,[],"{""labelinfo"":""商品納入・工事予約管理システム""}",,「商品発注システム」を押下する,null,null,C:\Users\vumic\Downloads\ツール資材_20240903\04_デモ用操作ログ\UC3\UC3_自組織\bdot20240415_133919.log,null,null,null,null,null
2024-04-15T13:41:00+0900,operation,Ryoma Takahashi,DESKTOP-Q316RCS,発注システム - ログイン画面 - Google Chrome,file:///D:/Work/AS%E7%A0%94/Git/Documents_BIST_Tsukuba2024/99_%E3%81%9D%E3%81%AE%E4%BB%96/20240404_%E6%A5%AD%E5%8B%99%E6%94%B9%E5%96%84%E3%83%87%E3%83%A2%E3%82%B7%E3%83%8A%E3%83%AA%E3%82%AA_%E8%8D%89%E6%A1%88/order/loginpage_order.html,197686,Chrome_WidgetWin_1,C:\Program Files\Google\Chrome\Application\chrome.exe,11596,bdot20240415_133919/0415_134100_0.png,,value_change,onlyorder,181,27,189,178,text,INPUT,onlyorder,,,,textbox,,,,true,[],"{""labelinfo"":""発注システム""}",,「発注システム」へ「onlyorder」を入力する,null,null,C:\Users\vumic\Downloads\ツール資材_20240903\04_デモ用操作ログ\UC3\UC3_自組織\bdot20240415_133919.log,null,null,null,null,null
2024-04-15T13:41:05+0900,operation,Ryoma Takahashi,DESKTOP-Q316RCS,発注システム - ログイン画面 - Google Chrome,file:///D:/Work/AS%E7%A0%94/Git/Documents_BIST_Tsukuba2024/99_%E3%81%9D%E3%81%AE%E4%BB%96/20240404_%E6%A5%AD%E5%8B%99%E6%94%B9%E5%96%84%E3%83%87%E3%83%A2%E3%82%B7%E3%83%8A%E3%83%AA%E3%82%AA_%E8%8D%89%E6%A1%88/order/loginpage_order.html,197686,Chrome_WidgetWin_1,C:\Program Files\Google\Chrome\Application\chrome.exe,11596,bdot20240415_133919/0415_134100_0.png,,value_change,<PASSWORD>,181,27,216,178,password,INPUT,<PASSWORD>,,,,textbox,,,,false,"[{""ope_boxh"":27,""ope_boxl"":178,""ope_boxt"":189,""ope_boxw"":181}]","{""labelinfo"":""発注システム""}",,「発注システム」へ「<PASSWORD>」を入力する,null,null,C:\Users\vumic\Downloads\ツール資材_20240903\04_デモ用操作ログ\UC3\UC3_自組織\bdot20240415_133919.log,null,null,null,null,null
2024-04-15T13:41:05+0900,operation,Ryoma Takahashi,DESKTOP-Q316RCS,発注システム - ログイン画面 - Google Chrome,file:///D:/Work/AS%E7%A0%94/Git/Documents_BIST_Tsukuba2024/99_%E3%81%9D%E3%81%AE%E4%BB%96/20240404_%E6%A5%AD%E5%8B%99%E6%94%B9%E5%96%84%E3%83%87%E3%83%A2%E3%82%B7%E3%83%8A%E3%83%AA%E3%82%AA_%E8%8D%89%E6%A1%88/order/loginpage_order.html,197686,Chrome_WidgetWin_1,C:\Program Files\Google\Chrome\Application\chrome.exe,11596,bdot20240415_133919/0415_134100_0.png,,click,送信,56,37,243,82,submit,BUTTON,,,,,button,,,,false,"[{""ope_boxh"":27,""ope_boxl"":178,""ope_boxt"":189,""ope_boxw"":181},{""ope_boxh"":27,""ope_boxl"":178,""ope_boxt"":216,""ope_boxw"":181}]","{""labelinfo"":""発注システム""}",,「送信」を押下する,null,null,C:\Users\vumic\Downloads\ツール資材_20240903\04_デモ用操作ログ\UC3\UC3_自組織\bdot20240415_133919.log,null,null,null,null,null
2024-04-15T13:41:06+0900,operation,Ryoma Takahashi,DESKTOP-Q316RCS,発注システム - Google Chrome,file:///D:/Work/AS%E7%A0%94/Git/Documents_BIST_Tsukuba2024/99_%E3%81%9D%E3%81%AE%E4%BB%96/20240404_%E6%A5%AD%E5%8B%99%E6%94%B9%E5%96%84%E3%83%87%E3%83%A2%E3%82%B7%E3%83%8A%E3%83%AA%E3%82%AA_%E8%8D%89%E6%A1%88/order/orderMenuPage.html,197686,Chrome_WidgetWin_1,C:\Program Files\Google\Chrome\Application\chrome.exe,11596,bdot20240415_133919/0415_134106_0.png,,click,工事部門向け　　　　　　\n工事発注,300,75,250,406.453125,submit,BUTTON,,,,,button,,,,true,[],"{""labelinfo"":""メーカ様向け　　　　　　""}",,「工事部門向け　　　　　　工事発注」を押下する,null,null,C:\Users\vumic\Downloads\ツール資材_20240903\04_デモ用操作ログ\UC3\UC3_自組織\bdot20240415_133919.log,null,null,null,null,null
2024-04-15T13:41:08+0900,operation,Ryoma Takahashi,DESKTOP-Q316RCS,発注システム - 工事発注 - Google Chrome,file:///D:/Work/AS%E7%A0%94/Git/Documents_BIST_Tsukuba2024/99_%E3%81%9D%E3%81%AE%E4%BB%96/20240404_%E6%A5%AD%E5%8B%99%E6%94%B9%E5%96%84%E3%83%87%E3%83%A2%E3%82%B7%E3%83%8A%E3%83%AA%E3%82%AA_%E8%8D%89%E6%A1%88/order/constructionOrder.html,197686,Chrome_WidgetWin_1,C:\Program Files\Google\Chrome\Application\chrome.exe,11596,bdot20240415_133919/0415_134108_0.png,,value_change,2024-04-09,112.328125,21.328125,297.84375,335,date,INPUT,2024-04-09,date,,,,,,,true,[],"{""labelinfo"":""作成日：""}",,「作成日：」へ「2024-04-09」を選択する,null,null,C:\Users\vumic\Downloads\ツール資材_20240903\04_デモ用操作ログ\UC3\UC3_自組織\bdot20240415_133919.log,null,null,null,null,null
2024-04-15T13:41:11+0900,operation,Ryoma Takahashi,DESKTOP-Q316RCS,発注システム - 工事発注 - Google Chrome,file:///D:/Work/AS%E7%A0%94/Git/Documents_BIST_Tsukuba2024/99_%E3%81%9D%E3%81%AE%E4%BB%96/20240404_%E6%A5%AD%E5%8B%99%E6%94%B9%E5%96%84%E3%83%87%E3%83%A2%E3%82%B7%E3%83%8A%E3%83%AA%E3%82%AA_%E8%8D%89%E6%A1%88/order/constructionOrder.html,197686,Chrome_WidgetWin_1,C:\Program Files\Google\Chrome\Application\chrome.exe,11596,bdot20240415_133919/0415_134108_0.png,,value_change,10001,181,27,359,335,text,INPUT,10001,orderNumber,,,textbox,,,,false,"[{""ope_boxh"":21.328125,""ope_boxl"":335,""ope_boxt"":297.84375,""ope_boxw"":112.328125}]","{""labelinfo"":""受注番号：""}",,「受注番号：」へ「10001」を入力する,null,null,C:\Users\vumic\Downloads\ツール資材_20240903\04_デモ用操作ログ\UC3\UC3_自組織\bdot20240415_133919.log,null,null,null,null,null
2024-04-15T13:41:14+0900,operation,Ryoma Takahashi,DESKTOP-Q316RCS,発注システム - 工事発注 - Google Chrome,file:///D:/Work/AS%E7%A0%94/Git/Documents_BIST_Tsukuba2024/99_%E3%81%9D%E3%81%AE%E4%BB%96/20240404_%E6%A5%AD%E5%8B%99%E6%94%B9%E5%96%84%E3%83%87%E3%83%A2%E3%82%B7%E3%83%8A%E3%83%AA%E3%82%AA_%E8%8D%89%E6%A1%88/order/constructionOrder.html,197686,Chrome_WidgetWin_1,C:\Program Files\Google\Chrome\Application\chrome.exe,11596,bdot20240415_133919/0415_134108_0.png,,value_change,AAA-1,181,27,391,335,text,INPUT,AAA-1,constOrderNumber,,,textbox,,,,false,"[{""ope_boxh"":21.328125,""ope_boxl"":335,""ope_boxt"":297.84375,""ope_boxw"":112.328125},{""ope_boxh"":27,""ope_boxl"":335,""ope_boxt"":359,""ope_boxw"":181}]","{""labelinfo"":""工事発注番号：""}",,「工事発注番号：」へ「AAA-1」を入力する,null,null,C:\Users\vumic\Downloads\ツール資材_20240903\04_デモ用操作ログ\UC3\UC3_自組織\bdot20240415_133919.log,null,null,null,null,null
2024-04-15T13:41:20+0900,window_change,,,発注システム - 工事発注 - Google Chrome,file:///D:/Work/AS%E7%A0%94/Git/Documents_BIST_Tsukuba2024/99_%E3%81%9D%E3%81%AE%E4%BB%96/20240404_%E6%A5%AD%E5%8B%99%E6%94%B9%E5%96%84%E3%83%87%E3%83%A2%E3%82%B7%E3%83%8A%E3%83%AA%E3%82%AA_%E8%8D%89%E6%A1%88/order/constructionOrder.html,197686,,,,,,,,,,,,,,,,,,,,,,,,,,,null,null,C:\Users\vumic\Downloads\ツール資材_20240903\04_デモ用操作ログ\UC3\UC3_自組織\bdot20240415_133919.log,null,null,null,null,null
2024-04-15T13:41:21+0900,operation,Ryoma Takahashi,DESKTOP-Q316RCS,発注システム - 工事発注 - Google Chrome,file:///D:/Work/AS%E7%A0%94/Git/Documents_BIST_Tsukuba2024/99_%E3%81%9D%E3%81%AE%E4%BB%96/20240404_%E6%A5%AD%E5%8B%99%E6%94%B9%E5%96%84%E3%83%87%E3%83%A2%E3%82%B7%E3%83%8A%E3%83%AA%E3%82%AA_%E8%8D%89%E6%A1%88/order/constructionOrder.html,197686,Chrome_WidgetWin_1,C:\Program Files\Google\Chrome\Application\chrome.exe,11596,bdot20240415_133919/0415_134121_0.png,,value_change,2024-04-22T15:00,158.328125,21.328125,425.84375,335,datetime-local,INPUT,2024-04-22T15:00,constDate,工事実施日時,,,,,,true,[],"{""labelinfo"":""工事実施日時：""}",,「工事実施日時：」へ「2024-04-22T15:00」を選択する,null,null,C:\Users\vumic\Downloads\ツール資材_20240903\04_デモ用操作ログ\UC3\UC3_自組織\bdot20240415_133919.log,null,null,null,null,null
2024-04-15T13:41:23+0900,operation,Ryoma Takahashi,DESKTOP-Q316RCS,発注システム - 工事発注 - Google Chrome,file:///D:/Work/AS%E7%A0%94/Git/Documents_BIST_Tsukuba2024/99_%E3%81%9D%E3%81%AE%E4%BB%96/20240404_%E6%A5%AD%E5%8B%99%E6%94%B9%E5%96%84%E3%83%87%E3%83%A2%E3%82%B7%E3%83%8A%E3%83%AA%E3%82%AA_%E8%8D%89%E6%A1%88/order/constructionOrder.html,197686,Chrome_WidgetWin_1,C:\Program Files\Google\Chrome\Application\chrome.exe,11596,bdot20240415_133919/0415_134123_0.png,,value_change,ミドルスペック,128,29,544,339.453125,select-one,SELECT,ミドルスペック,spec,,,dropdown,,,,true,[],"{""labelinfo"":""商品種別：""}",,「商品種別：」から「ミドルスペック」を選択する,null,null,C:\Users\vumic\Downloads\ツール資材_20240903\04_デモ用操作ログ\UC3\UC3_自組織\bdot20240415_133919.log,null,null,null,null,null
2024-04-15T13:41:28+0900,operation,Ryoma Takahashi,DESKTOP-Q316RCS,発注システム - 工事発注 - Google Chrome,file:///D:/Work/AS%E7%A0%94/Git/Documents_BIST_Tsukuba2024/99_%E3%81%9D%E3%81%AE%E4%BB%96/20240404_%E6%A5%AD%E5%8B%99%E6%94%B9%E5%96%84%E3%83%87%E3%83%A2%E3%82%B7%E3%83%8A%E3%83%AA%E3%82%AA_%E8%8D%89%E6%A1%88/order/constructionOrder.html,197686,Chrome_WidgetWin_1,C:\Program Files\Google\Chrome\Application\chrome.exe,11596,bdot20240415_133919/0415_134123_0.png,,value_change,佐藤 太郎,181,27,577.5,335,text,INPUT,佐藤 太郎,neme,,,textbox,,,,false,"[{""ope_boxh"":29,""ope_boxl"":339.453125,""ope_boxt"":544,""ope_boxw"":128}]","{""labelinfo"":""お客様氏名：""}",,「お客様氏名：」へ「佐藤 太郎」を入力する,null,null,C:\Users\vumic\Downloads\ツール資材_20240903\04_デモ用操作ログ\UC3\UC3_自組織\bdot20240415_133919.log,null,null,null,null,null
2024-04-15T13:41:31+0900,operation,Ryoma Takahashi,DESKTOP-Q316RCS,発注システム - 工事発注 - Google Chrome,file:///D:/Work/AS%E7%A0%94/Git/Documents_BIST_Tsukuba2024/99_%E3%81%9D%E3%81%AE%E4%BB%96/20240404_%E6%A5%AD%E5%8B%99%E6%94%B9%E5%96%84%E3%83%87%E3%83%A2%E3%82%B7%E3%83%8A%E3%83%AA%E3%82%AA_%E8%8D%89%E6%A1%88/order/constructionOrder.html,197686,Chrome_WidgetWin_1,C:\Program Files\Google\Chrome\Application\chrome.exe,11596,bdot20240415_133919/0415_134123_0.png,,value_change,東京都,181,27,609.5,335,text,INPUT,東京都,address,,,textbox,,,,false,"[{""ope_boxh"":29,""ope_boxl"":339.453125,""ope_boxt"":544,""ope_boxw"":128},{""ope_boxh"":27,""ope_boxl"":335,""ope_boxt"":577.5,""ope_boxw"":181}]","{""labelinfo"":""設置場所：""}",,「設置場所：」へ「東京都」を入力する,null,null,C:\Users\vumic\Downloads\ツール資材_20240903\04_デモ用操作ログ\UC3\UC3_自組織\bdot20240415_133919.log,null,null,null,null,null
2024-04-15T13:41:39+0900,operation,Ryoma Takahashi,DESKTOP-Q316RCS,発注システム - 工事発注 - Google Chrome,file:///D:/Work/AS%E7%A0%94/Git/Documents_BIST_Tsukuba2024/99_%E3%81%9D%E3%81%AE%E4%BB%96/20240404_%E6%A5%AD%E5%8B%99%E6%94%B9%E5%96%84%E3%83%87%E3%83%A2%E3%82%B7%E3%83%8A%E3%83%AA%E3%82%AA_%E8%8D%89%E6%A1%88/order/constructionOrder.html,197686,Chrome_WidgetWin_1,C:\Program Files\Google\Chrome\Application\chrome.exe,11596,bdot20240415_133919/0415_134123_0.png,,value_change,090-1234-5678,181,27,641,335,text,INPUT,090-1234-5678,telCustomer,,,textbox,,,,false,"[{""ope_boxh"":29,""ope_boxl"":339.453125,""ope_boxt"":544,""ope_boxw"":128},{""ope_boxh"":27,""ope_boxl"":335,""ope_boxt"":577.5,""ope_boxw"":181},{""ope_boxh"":27,""ope_boxl"":335,""ope_boxt"":609.5,""ope_boxw"":181}]","{""labelinfo"":""電話番号：""}",,「電話番号：」へ「090-1234-5678」を入力する,null,null,C:\Users\vumic\Downloads\ツール資材_20240903\04_デモ用操作ログ\UC3\UC3_自組織\bdot20240415_133919.log,null,null,null,null,null
2024-04-15T13:41:40+0900,operation,Ryoma Takahashi,DESKTOP-Q316RCS,発注システム - 工事発注 - Google Chrome,file:///D:/Work/AS%E7%A0%94/Git/Documents_BIST_Tsukuba2024/99_%E3%81%9D%E3%81%AE%E4%BB%96/20240404_%E6%A5%AD%E5%8B%99%E6%94%B9%E5%96%84%E3%83%87%E3%83%A2%E3%82%B7%E3%83%8A%E3%83%AA%E3%82%AA_%E8%8D%89%E6%A1%88/order/constructionOrder.html,197686,Chrome_WidgetWin_1,C:\Program Files\Google\Chrome\Application\chrome.exe,11596,bdot20240415_133919/0415_134140_0.png,,value_change,集合,74,29,487,339.453125,select-one,SELECT,集合,enviroment,,,dropdown,,,,true,[],"{""labelinfo"":""設置環境：""}",,「設置環境：」から「集合」を選択する,null,null,C:\Users\vumic\Downloads\ツール資材_20240903\04_デモ用操作ログ\UC3\UC3_自組織\bdot20240415_133919.log,null,null,null,null,null
2024-04-15T13:41:45+0900,operation,Ryoma Takahashi,DESKTOP-Q316RCS,発注システム - 工事発注 - Google Chrome,file:///D:/Work/AS%E7%A0%94/Git/Documents_BIST_Tsukuba2024/99_%E3%81%9D%E3%81%AE%E4%BB%96/20240404_%E6%A5%AD%E5%8B%99%E6%94%B9%E5%96%84%E3%83%87%E3%83%A2%E3%82%B7%E3%83%8A%E3%83%AA%E3%82%AA_%E8%8D%89%E6%A1%88/order/constructionOrder.html,197686,Chrome_WidgetWin_1,C:\Program Files\Google\Chrome\Application\chrome.exe,11596,bdot20240415_133919/0415_134140_0.png,,value_change,5階 リビング,181,27,520.5,335,text,INPUT,5階 リビング,place,,,textbox,,,,false,"[{""ope_boxh"":29,""ope_boxl"":339.453125,""ope_boxt"":762,""ope_boxw"":74}]","{""labelinfo"":""本体の設置場所：""}",,「本体の設置場所：」へ「5階 リビング」を入力する,null,null,C:\Users\vumic\Downloads\ツール資材_20240903\04_デモ用操作ログ\UC3\UC3_自組織\bdot20240415_133919.log,null,null,null,null,null
2024-04-15T13:41:51+0900,operation,Ryoma Takahashi,DESKTOP-Q316RCS,発注システム - 工事発注 - Google Chrome,file:///D:/Work/AS%E7%A0%94/Git/Documents_BIST_Tsukuba2024/99_%E3%81%9D%E3%81%AE%E4%BB%96/20240404_%E6%A5%AD%E5%8B%99%E6%94%B9%E5%96%84%E3%83%87%E3%83%A2%E3%82%B7%E3%83%8A%E3%83%AA%E3%82%AA_%E8%8D%89%E6%A1%88/order/constructionOrder.html,197686,Chrome_WidgetWin_1,C:\Program Files\Google\Chrome\Application\chrome.exe,11596,bdot20240415_133919/0415_134140_0.png,,value_change,5階 壁面,181,27,552.5,335,text,INPUT,5階 壁面,outerPlace,,,textbox,,,,false,"[{""ope_boxh"":29,""ope_boxl"":339.453125,""ope_boxt"":762,""ope_boxw"":74},{""ope_boxh"":27,""ope_boxl"":335,""ope_boxt"":795.5,""ope_boxw"":181}]","{""labelinfo"":""室外機の設置場所：""}",,「室外機の設置場所：」へ「5階 壁面」を入力する,null,null,C:\Users\vumic\Downloads\ツール資材_20240903\04_デモ用操作ログ\UC3\UC3_自組織\bdot20240415_133919.log,null,null,null,null,null
2024-04-15T13:41:53+0900,operation,Ryoma Takahashi,DESKTOP-Q316RCS,発注システム - 工事発注 - Google Chrome,file:///D:/Work/AS%E7%A0%94/Git/Documents_BIST_Tsukuba2024/99_%E3%81%9D%E3%81%AE%E4%BB%96/20240404_%E6%A5%AD%E5%8B%99%E6%94%B9%E5%96%84%E3%83%87%E3%83%A2%E3%82%B7%E3%83%8A%E3%83%AA%E3%82%AA_%E8%8D%89%E6%A1%88/order/constructionOrder.html,197686,Chrome_WidgetWin_1,C:\Program Files\Google\Chrome\Application\chrome.exe,11596,bdot20240415_133919/0415_134140_0.png,,value_change,露出型,181,27,584.5,335,text,INPUT,露出型,electroSever,,,textbox,,,,false,"[{""ope_boxh"":29,""ope_boxl"":339.453125,""ope_boxt"":762,""ope_boxw"":74},{""ope_boxh"":27,""ope_boxl"":335,""ope_boxt"":795.5,""ope_boxw"":181},{""ope_boxh"":27,""ope_boxl"":335,""ope_boxt"":827.5,""ope_boxw"":181}]","{""labelinfo"":""配電盤の形状：""}",,「配電盤の形状：」へ「露出型」を入力する,null,null,C:\Users\vumic\Downloads\ツール資材_20240903\04_デモ用操作ログ\UC3\UC3_自組織\bdot20240415_133919.log,null,null,null,null,null
2024-04-15T13:41:56+0900,operation,Ryoma Takahashi,DESKTOP-Q316RCS,発注システム - 工事発注 - Google Chrome,file:///D:/Work/AS%E7%A0%94/Git/Documents_BIST_Tsukuba2024/99_%E3%81%9D%E3%81%AE%E4%BB%96/20240404_%E6%A5%AD%E5%8B%99%E6%94%B9%E5%96%84%E3%83%87%E3%83%A2%E3%82%B7%E3%83%8A%E3%83%AA%E3%82%AA_%E8%8D%89%E6%A1%88/order/constructionOrder.html,197686,Chrome_WidgetWin_1,C:\Program Files\Google\Chrome\Application\chrome.exe,11596,bdot20240415_133919/0415_134140_0.png,,value_change,10M,181,27,616,335,text,INPUT,10M,distance,,,textbox,,,,false,"[{""ope_boxh"":29,""ope_boxl"":339.453125,""ope_boxt"":762,""ope_boxw"":74},{""ope_boxh"":27,""ope_boxl"":335,""ope_boxt"":795.5,""ope_boxw"":181},{""ope_boxh"":27,""ope_boxl"":335,""ope_boxt"":827.5,""ope_boxw"":181},{""ope_boxh"":27,""ope_boxl"":335,""ope_boxt"":859.5,""ope_boxw"":181}]","{""labelinfo"":""配電盤からの距離：""}",,「配電盤からの距離：」へ「10M」を入力する,null,null,C:\Users\vumic\Downloads\ツール資材_20240903\04_デモ用操作ログ\UC3\UC3_自組織\bdot20240415_133919.log,null,null,null,null,null
2024-04-15T13:42:01+0900,operation,Ryoma Takahashi,DESKTOP-Q316RCS,発注システム - 工事発注 - Google Chrome,file:///D:/Work/AS%E7%A0%94/Git/Documents_BIST_Tsukuba2024/99_%E3%81%9D%E3%81%AE%E4%BB%96/20240404_%E6%A5%AD%E5%8B%99%E6%94%B9%E5%96%84%E3%83%87%E3%83%A2%E3%82%B7%E3%83%8A%E3%83%AA%E3%82%AA_%E8%8D%89%E6%A1%88/order/constructionOrder.html,197686,Chrome_WidgetWin_1,C:\Program Files\Google\Chrome\Application\chrome.exe,11596,bdot20240415_133919/0415_134140_0.png,,value_change,300kW,181,27,648,335,text,INPUT,300kW,Watt,,,textbox,,,,false,"[{""ope_boxh"":29,""ope_boxl"":339.453125,""ope_boxt"":487,""ope_boxw"":74},{""ope_boxh"":27,""ope_boxl"":335,""ope_boxt"":520.5,""ope_boxw"":181},{""ope_boxh"":27,""ope_boxl"":335,""ope_boxt"":552.5,""ope_boxw"":181},{""ope_boxh"":27,""ope_boxl"":335,""ope_boxt"":584.5,""ope_boxw"":181},{""ope_boxh"":27,""ope_boxl"":335,""ope_boxt"":616,""ope_boxw"":181}]","{""labelinfo"":""契約ワット数：""}",,「契約ワット数：」へ「300kW」を入力する,null,null,C:\Users\vumic\Downloads\ツール資材_20240903\04_デモ用操作ログ\UC3\UC3_自組織\bdot20240415_133919.log,null,null,null,null,null
2024-04-15T13:42:01+0900,operation,Ryoma Takahashi,DESKTOP-Q316RCS,発注システム - 工事発注 - Google Chrome,file:///D:/Work/AS%E7%A0%94/Git/Documents_BIST_Tsukuba2024/99_%E3%81%9D%E3%81%AE%E4%BB%96/20240404_%E6%A5%AD%E5%8B%99%E6%94%B9%E5%96%84%E3%83%87%E3%83%A2%E3%82%B7%E3%83%8A%E3%83%AA%E3%82%AA_%E8%8D%89%E6%A1%88/order/constructionOrder.html,197686,Chrome_WidgetWin_1,C:\Program Files\Google\Chrome\Application\chrome.exe,11596,bdot20240415_133919/0415_134140_0.png,,click,有:ON,30,13,775,344.453125,radio,INPUT,on,replace1,撤去エアコン,,radio,,,,false,"[{""ope_boxh"":29,""ope_boxl"":339.453125,""ope_boxt"":487,""ope_boxw"":74},{""ope_boxh"":27,""ope_boxl"":335,""ope_boxt"":520.5,""ope_boxw"":181},{""ope_boxh"":27,""ope_boxl"":335,""ope_boxt"":552.5,""ope_boxw"":181},{""ope_boxh"":27,""ope_boxl"":335,""ope_boxt"":584.5,""ope_boxw"":181},{""ope_boxh"":27,""ope_boxl"":335,""ope_boxt"":616,""ope_boxw"":181},{""ope_boxh"":27,""ope_boxl"":335,""ope_boxt"":648,""ope_boxw"":181}]","{""labelinfo"":""撤去エアコン：""}",,「撤去エアコン：」の「有」を選択する,null,null,C:\Users\vumic\Downloads\ツール資材_20240903\04_デモ用操作ログ\UC3\UC3_自組織\bdot20240415_133919.log,null,null,null,null,null
2024-04-15T13:42:01+0900,operation,Ryoma Takahashi,DESKTOP-Q316RCS,発注システム - 工事発注 - Google Chrome,file:///D:/Work/AS%E7%A0%94/Git/Documents_BIST_Tsukuba2024/99_%E3%81%9D%E3%81%AE%E4%BB%96/20240404_%E6%A5%AD%E5%8B%99%E6%94%B9%E5%96%84%E3%83%87%E3%83%A2%E3%82%B7%E3%83%8A%E3%83%AA%E3%82%AA_%E8%8D%89%E6%A1%88/order/constructionOrder.html,197686,Chrome_WidgetWin_1,C:\Program Files\Google\Chrome\Application\chrome.exe,11596,bdot20240415_133919/0415_134140_0.png,,click,有:ON,30,13,839,344.453125,radio,INPUT,on,pipeToOuter1,室外機への配管,,radio,,,,false,"[{""ope_boxh"":29,""ope_boxl"":339.453125,""ope_boxt"":487,""ope_boxw"":74},{""ope_boxh"":27,""ope_boxl"":335,""ope_boxt"":520.5,""ope_boxw"":181},{""ope_boxh"":27,""ope_boxl"":335,""ope_boxt"":552.5,""ope_boxw"":181},{""ope_boxh"":27,""ope_boxl"":335,""ope_boxt"":584.5,""ope_boxw"":181},{""ope_boxh"":27,""ope_boxl"":335,""ope_boxt"":616,""ope_boxw"":181},{""ope_boxh"":27,""ope_boxl"":335,""ope_boxt"":648,""ope_boxw"":181},{""ope_boxh"":13,""ope_boxl"":344.453125,""ope_boxt"":775,""ope_boxw"":30}]","{""labelinfo"":""室外機への配管：""}",,「室外機への配管：」の「有」を選択する,null,null,C:\Users\vumic\Downloads\ツール資材_20240903\04_デモ用操作ログ\UC3\UC3_自組織\bdot20240415_133919.log,null,null,null,null,null
2024-04-15T13:42:02+0900,operation,Ryoma Takahashi,DESKTOP-Q316RCS,発注システム - 工事発注 - Google Chrome,file:///D:/Work/AS%E7%A0%94/Git/Documents_BIST_Tsukuba2024/99_%E3%81%9D%E3%81%AE%E4%BB%96/20240404_%E6%A5%AD%E5%8B%99%E6%94%B9%E5%96%84%E3%83%87%E3%83%A2%E3%82%B7%E3%83%8A%E3%83%AA%E3%82%AA_%E8%8D%89%E6%A1%88/order/constructionOrder.html,197686,Chrome_WidgetWin_1,C:\Program Files\Google\Chrome\Application\chrome.exe,11596,bdot20240415_133919/0415_134140_0.png,,click,有:ON,30,13,871,344.453125,radio,INPUT,on,expipe1,化粧配管：,,radio,,,,false,"[{""ope_boxh"":29,""ope_boxl"":339.453125,""ope_boxt"":487,""ope_boxw"":74},{""ope_boxh"":27,""ope_boxl"":335,""ope_boxt"":520.5,""ope_boxw"":181},{""ope_boxh"":27,""ope_boxl"":335,""ope_boxt"":552.5,""ope_boxw"":181},{""ope_boxh"":27,""ope_boxl"":335,""ope_boxt"":584.5,""ope_boxw"":181},{""ope_boxh"":27,""ope_boxl"":335,""ope_boxt"":616,""ope_boxw"":181},{""ope_boxh"":27,""ope_boxl"":335,""ope_boxt"":648,""ope_boxw"":181},{""ope_boxh"":13,""ope_boxl"":344.453125,""ope_boxt"":775,""ope_boxw"":30},{""ope_boxh"":13,""ope_boxl"":344.453125,""ope_boxt"":839,""ope_boxw"":30}]","{""labelinfo"":""化粧配管：""}",,「化粧配管：」の「有」を選択する,null,null,C:\Users\vumic\Downloads\ツール資材_20240903\04_デモ用操作ログ\UC3\UC3_自組織\bdot20240415_133919.log,null,null,null,null,null
2024-04-15T13:42:03+0900,operation,Ryoma Takahashi,DESKTOP-Q316RCS,発注システム - 工事発注 - Google Chrome,file:///D:/Work/AS%E7%A0%94/Git/Documents_BIST_Tsukuba2024/99_%E3%81%9D%E3%81%AE%E4%BB%96/20240404_%E6%A5%AD%E5%8B%99%E6%94%B9%E5%96%84%E3%83%87%E3%83%A2%E3%82%B7%E3%83%8A%E3%83%AA%E3%82%AA_%E8%8D%89%E6%A1%88/order/constructionOrder.html,197686,Chrome_WidgetWin_1,C:\Program Files\Google\Chrome\Application\chrome.exe,11596,bdot20240415_133919/0415_134140_0.png,,click,:ON,13,13,967,353.453125,checkbox,INPUT,on,longString,,,,,,,false,"[{""ope_boxh"":29,""ope_boxl"":339.453125,""ope_boxt"":487,""ope_boxw"":74},{""ope_boxh"":27,""ope_boxl"":335,""ope_boxt"":520.5,""ope_boxw"":181},{""ope_boxh"":27,""ope_boxl"":335,""ope_boxt"":552.5,""ope_boxw"":181},{""ope_boxh"":27,""ope_boxl"":335,""ope_boxt"":584.5,""ope_boxw"":181},{""ope_boxh"":27,""ope_boxl"":335,""ope_boxt"":616,""ope_boxw"":181},{""ope_boxh"":27,""ope_boxl"":335,""ope_boxt"":648,""ope_boxw"":181},{""ope_boxh"":13,""ope_boxl"":344.453125,""ope_boxt"":775,""ope_boxw"":30},{""ope_boxh"":13,""ope_boxl"":344.453125,""ope_boxt"":839,""ope_boxw"":30},{""ope_boxh"":13,""ope_boxl"":344.453125,""ope_boxt"":871,""ope_boxw"":30}]","{""labelinfo"":""延長配線有無：""}",,「延長配線有無：」の「」をチェックする,null,null,C:\Users\vumic\Downloads\ツール資材_20240903\04_デモ用操作ログ\UC3\UC3_自組織\bdot20240415_133919.log,null,null,null,null,null
2024-04-15T13:42:04+0900,operation,Ryoma Takahashi,DESKTOP-Q316RCS,発注システム - 工事発注 - Google Chrome,file:///D:/Work/AS%E7%A0%94/Git/Documents_BIST_Tsukuba2024/99_%E3%81%9D%E3%81%AE%E4%BB%96/20240404_%E6%A5%AD%E5%8B%99%E6%94%B9%E5%96%84%E3%83%87%E3%83%A2%E3%82%B7%E3%83%8A%E3%83%AA%E3%82%AA_%E8%8D%89%E6%A1%88/order/constructionOrder.html,197686,Chrome_WidgetWin_1,C:\Program Files\Google\Chrome\Application\chrome.exe,11596,bdot20240415_133919/0415_134140_0.png,,click,送信,56,37,1074,42,submit,BUTTON,,,,,button,,,,false,"[{""ope_boxh"":29,""ope_boxl"":339.453125,""ope_boxt"":487,""ope_boxw"":74},{""ope_boxh"":27,""ope_boxl"":335,""ope_boxt"":520.5,""ope_boxw"":181},{""ope_boxh"":27,""ope_boxl"":335,""ope_boxt"":552.5,""ope_boxw"":181},{""ope_boxh"":27,""ope_boxl"":335,""ope_boxt"":584.5,""ope_boxw"":181},{""ope_boxh"":27,""ope_boxl"":335,""ope_boxt"":616,""ope_boxw"":181},{""ope_boxh"":27,""ope_boxl"":335,""ope_boxt"":648,""ope_boxw"":181},{""ope_boxh"":13,""ope_boxl"":344.453125,""ope_boxt"":775,""ope_boxw"":30},{""ope_boxh"":13,""ope_boxl"":344.453125,""ope_boxt"":839,""ope_boxw"":30},{""ope_boxh"":13,""ope_boxl"":344.453125,""ope_boxt"":871,""ope_boxw"":30},{""ope_boxh"":13,""ope_boxl"":353.453125,""ope_boxt"":967,""ope_boxw"":13}]","{""labelinfo"":""延長配管有無：""}",,「送信」を押下する,null,null,C:\Users\vumic\Downloads\ツール資材_20240903\04_デモ用操作ログ\UC3\UC3_自組織\bdot20240415_133919.log,null,null,null,null,null
2024-04-15T13:42:07+0900,operation,Ryoma Takahashi,DESKTOP-Q316RCS,発注システム - Google Chrome,file:///D:/Work/AS%E7%A0%94/Git/Documents_BIST_Tsukuba2024/99_%E3%81%9D%E3%81%AE%E4%BB%96/20240404_%E6%A5%AD%E5%8B%99%E6%94%B9%E5%96%84%E3%83%87%E3%83%A2%E3%82%B7%E3%83%8A%E3%83%AA%E3%82%AA_%E8%8D%89%E6%A1%88/order/orderMenuPage.html,197686,Chrome_WidgetWin_1,C:\Program Files\Google\Chrome\Application\chrome.exe,11596,bdot20240415_133919/0415_134207_0.png,,click,ログアウト,150,32,167,245.359375,submit,BUTTON,,,,,button3,,,,true,[],"{""labelinfo"":""ようこそ　XXXXXさん""}",,「ログアウト」を押下する,null,null,C:\Users\vumic\Downloads\ツール資材_20240903\04_デモ用操作ログ\UC3\UC3_自組織\bdot20240415_133919.log,null,null,null,null,null
2024-04-15T13:42:08+0900,operation,Ryoma Takahashi,DESKTOP-Q316RCS,発注システム - ログイン画面 - Google Chrome,file:///D:/Work/AS%E7%A0%94/Git/Documents_BIST_Tsukuba2024/99_%E3%81%9D%E3%81%AE%E4%BB%96/20240404_%E6%A5%AD%E5%8B%99%E6%94%B9%E5%96%84%E3%83%87%E3%83%A2%E3%82%B7%E3%83%8A%E3%83%AA%E3%82%AA_%E8%8D%89%E6%A1%88/order/loginpage_order.html,197686,Chrome_WidgetWin_1,C:\Program Files\Google\Chrome\Application\chrome.exe,11596,bdot20240415_133919/0415_134208_0.png,,click,戻る,56,37,243,162.453125,submit,BUTTON,,,,,button,,,,true,[],"{""labelinfo"":""送信""}",,「戻る」を押下する,null,null,C:\Users\vumic\Downloads\ツール資材_20240903\04_デモ用操作ログ\UC3\UC3_自組織\bdot20240415_133919.log,null,null,null,null,null
2024-04-15T13:42:08+0900,operation,Ryoma Takahashi,DESKTOP-Q316RCS,XX社業務システム - Google Chrome,file:///D:/Work/AS%E7%A0%94/Git/Documents_BIST_Tsukuba2024/99_%E3%81%9D%E3%81%AE%E4%BB%96/20240404_%E6%A5%AD%E5%8B%99%E6%94%B9%E5%96%84%E3%83%87%E3%83%A2%E3%82%B7%E3%83%8A%E3%83%AA%E3%82%AA_%E8%8D%89%E6%A1%88/mainpage.html,197686,Chrome_WidgetWin_1,C:\Program Files\Google\Chrome\Application\chrome.exe,11596,bdot20240415_133919/0415_134208_1.png,,click,商品納入・工事予約管理システム,300,53,215,52,submit,BUTTON,,reserve,,,button1,,,,true,[],"{""labelinfo"":""""}",,「商品納入・工事予約管理システム」を押下する,null,null,C:\Users\vumic\Downloads\ツール資材_20240903\04_デモ用操作ログ\UC3\UC3_自組織\bdot20240415_133919.log,null,null,null,null,null
2024-04-15T13:42:14+0900,operation,Ryoma Takahashi,DESKTOP-Q316RCS,予約管理システム - ログイン画面 - Google Chrome,file:///D:/Work/AS%E7%A0%94/Git/Documents_BIST_Tsukuba2024/99_%E3%81%9D%E3%81%AE%E4%BB%96/20240404_%E6%A5%AD%E5%8B%99%E6%94%B9%E5%96%84%E3%83%87%E3%83%A2%E3%82%B7%E3%83%8A%E3%83%AA%E3%82%AA_%E8%8D%89%E6%A1%88/reserve/loginpage_reserve.html,197686,Chrome_WidgetWin_1,C:\Program Files\Google\Chrome\Application\chrome.exe,11596,bdot20240415_133919/0415_134214_0.png,,value_change,onlyorder,181,27,199,178,text,INPUT,onlyorder,,,,textbox,,,,true,[],"{""labelinfo"":""予約管理システム""}",,「予約管理システム」へ「onlyorder」を入力する,null,null,C:\Users\vumic\Downloads\ツール資材_20240903\04_デモ用操作ログ\UC3\UC3_自組織\bdot20240415_133919.log,null,null,null,null,null
2024-04-15T13:42:19+0900,operation,Ryoma Takahashi,DESKTOP-Q316RCS,予約管理システム - ログイン画面 - Google Chrome,file:///D:/Work/AS%E7%A0%94/Git/Documents_BIST_Tsukuba2024/99_%E3%81%9D%E3%81%AE%E4%BB%96/20240404_%E6%A5%AD%E5%8B%99%E6%94%B9%E5%96%84%E3%83%87%E3%83%A2%E3%82%B7%E3%83%8A%E3%83%AA%E3%82%AA_%E8%8D%89%E6%A1%88/reserve/loginpage_reserve.html,197686,Chrome_WidgetWin_1,C:\Program Files\Google\Chrome\Application\chrome.exe,11596,bdot20240415_133919/0415_134214_0.png,,value_change,<PASSWORD>,181,27,226,178,password,INPUT,<PASSWORD>,,,,textbox,,,,false,"[{""ope_boxh"":27,""ope_boxl"":178,""ope_boxt"":199,""ope_boxw"":181}]","{""labelinfo"":""予約管理システム""}",,「予約管理システム」へ「<PASSWORD>」を入力する,null,null,C:\Users\vumic\Downloads\ツール資材_20240903\04_デモ用操作ログ\UC3\UC3_自組織\bdot20240415_133919.log,null,null,null,null,null
2024-04-15T13:42:19+0900,operation,Ryoma Takahashi,DESKTOP-Q316RCS,予約管理システム - ログイン画面 - Google Chrome,file:///D:/Work/AS%E7%A0%94/Git/Documents_BIST_Tsukuba2024/99_%E3%81%9D%E3%81%AE%E4%BB%96/20240404_%E6%A5%AD%E5%8B%99%E6%94%B9%E5%96%84%E3%83%87%E3%83%A2%E3%82%B7%E3%83%8A%E3%83%AA%E3%82%AA_%E8%8D%89%E6%A1%88/reserve/loginpage_reserve.html,197686,Chrome_WidgetWin_1,C:\Program Files\Google\Chrome\Application\chrome.exe,11596,bdot20240415_133919/0415_134214_0.png,,click,送信,56,37,253,82,submit,BUTTON,,,,,button,,,,false,"[{""ope_boxh"":27,""ope_boxl"":178,""ope_boxt"":199,""ope_boxw"":181},{""ope_boxh"":27,""ope_boxl"":178,""ope_boxt"":226,""ope_boxw"":181}]","{""labelinfo"":""予約管理システム""}",,「送信」を押下する,null,null,C:\Users\vumic\Downloads\ツール資材_20240903\04_デモ用操作ログ\UC3\UC3_自組織\bdot20240415_133919.log,null,null,null,null,null
2024-04-15T13:42:20+0900,operation,Ryoma Takahashi,DESKTOP-Q316RCS,予約管理システム - Google Chrome,file:///D:/Work/AS%E7%A0%94/Git/Documents_BIST_Tsukuba2024/99_%E3%81%9D%E3%81%AE%E4%BB%96/20240404_%E6%A5%AD%E5%8B%99%E6%94%B9%E5%96%84%E3%83%87%E3%83%A2%E3%82%B7%E3%83%8A%E3%83%AA%E3%82%AA_%E8%8D%89%E6%A1%88/reserve/mainMenuPage.html,197686,Chrome_WidgetWin_1,C:\Program Files\Google\Chrome\Application\chrome.exe,11596,bdot20240415_133919/0415_134220_0.png,,click,お客様向け　　　　　\n工事日程連絡,300,75,250,730.90625,submit,BUTTON,,schedule,,,button,,,,true,[],"{""labelinfo"":""工事部門向け　　　　　""}",,「お客様向け　　　　　工事日程連絡」を押下する,null,null,C:\Users\vumic\Downloads\ツール資材_20240903\04_デモ用操作ログ\UC3\UC3_自組織\bdot20240415_133919.log,null,null,null,null,null
2024-04-15T13:42:21+0900,operation,Ryoma Takahashi,DESKTOP-Q316RCS,予約管理システム - お客様情報 - Google Chrome,file:///D:/Work/AS%E7%A0%94/Git/Documents_BIST_Tsukuba2024/99_%E3%81%9D%E3%81%AE%E4%BB%96/20240404_%E6%A5%AD%E5%8B%99%E6%94%B9%E5%96%84%E3%83%87%E3%83%A2%E3%82%B7%E3%83%8A%E3%83%AA%E3%82%AA_%E8%8D%89%E6%A1%88/reserve/schedule.html,197686,Chrome_WidgetWin_1,C:\Program Files\Google\Chrome\Application\chrome.exe,11596,bdot20240415_133919/0415_134221_0.png,,click,参照,50,32,289,578,submit,BUTTON,,reserve1,,,button2,,,,true,[],"{""labelinfo"":""佐藤太郎""}",,「参照」を押下する,null,null,C:\Users\vumic\Downloads\ツール資材_20240903\04_デモ用操作ログ\UC3\UC3_自組織\bdot20240415_133919.log,null,null,null,null,null
2024-04-15T13:42:24+0900,operation,Ryoma Takahashi,DESKTOP-Q316RCS,予約管理システム - 工事事前連絡 - Google Chrome,file:///D:/Work/AS%E7%A0%94/Git/Documents_BIST_Tsukuba2024/99_%E3%81%9D%E3%81%AE%E4%BB%96/20240404_%E6%A5%AD%E5%8B%99%E6%94%B9%E5%96%84%E3%83%87%E3%83%A2%E3%82%B7%E3%83%8A%E3%83%AA%E3%82%AA_%E8%8D%89%E6%A1%88/reserve/constrction.html,197686,Chrome_WidgetWin_1,C:\Program Files\Google\Chrome\Application\chrome.exe,11596,bdot20240415_133919/0415_134224_0.png,,value_change,10001,181,27,295,335,text,INPUT,10001,reserveNumber,,,textbox,,,,true,[],"{""labelinfo"":""予約番号：""}",,「予約番号：」へ「10001」を入力する,null,null,C:\Users\vumic\Downloads\ツール資材_20240903\04_デモ用操作ログ\UC3\UC3_自組織\bdot20240415_133919.log,null,null,null,null,null
2024-04-15T13:42:28+0900,operation,Ryoma Takahashi,DESKTOP-Q316RCS,予約管理システム - 工事事前連絡 - Google Chrome,file:///D:/Work/AS%E7%A0%94/Git/Documents_BIST_Tsukuba2024/99_%E3%81%9D%E3%81%AE%E4%BB%96/20240404_%E6%A5%AD%E5%8B%99%E6%94%B9%E5%96%84%E3%83%87%E3%83%A2%E3%82%B7%E3%83%8A%E3%83%AA%E3%82%AA_%E8%8D%89%E6%A1%88/reserve/constrction.html,197686,Chrome_WidgetWin_1,C:\Program Files\Google\Chrome\Application\chrome.exe,11596,bdot20240415_133919/0415_134224_0.png,,value_change,AAA-1,181,27,327,335,text,INPUT,AAA-1,consResvNumber,,,textbox,,,,false,"[{""ope_boxh"":27,""ope_boxl"":335,""ope_boxt"":295,""ope_boxw"":181}]","{""labelinfo"":""工事予約番号：""}",,「工事予約番号：」へ「AAA-1」を入力する,null,null,C:\Users\vumic\Downloads\ツール資材_20240903\04_デモ用操作ログ\UC3\UC3_自組織\bdot20240415_133919.log,null,null,null,null,null
2024-04-15T13:42:34+0900,operation,Ryoma Takahashi,DESKTOP-Q316RCS,予約管理システム - 工事事前連絡 - Google Chrome,file:///D:/Work/AS%E7%A0%94/Git/Documents_BIST_Tsukuba2024/99_%E3%81%9D%E3%81%AE%E4%BB%96/20240404_%E6%A5%AD%E5%8B%99%E6%94%B9%E5%96%84%E3%83%87%E3%83%A2%E3%82%B7%E3%83%8A%E3%83%AA%E3%82%AA_%E8%8D%89%E6%A1%88/reserve/constrction.html,197686,Chrome_WidgetWin_1,C:\Program Files\Google\Chrome\Application\chrome.exe,11596,bdot20240415_133919/0415_134234_0.png,,value_change,2024-04-22T15:00,158.328125,21.328125,361.84375,335,datetime-local,INPUT,2024-04-22T15:00,consSchedule,工事予定日,,,,,,true,[],"{""labelinfo"":""工事予定日時：""}",,「工事予定日時：」へ「2024-04-22T15:00」を選択する,null,null,C:\Users\vumic\Downloads\ツール資材_20240903\04_デモ用操作ログ\UC3\UC3_自組織\bdot20240415_133919.log,null,null,null,null,null
2024-04-15T13:42:41+0900,window_change,,,予約管理システム - 工事事前連絡 - Google Chrome,file:///D:/Work/AS%E7%A0%94/Git/Documents_BIST_Tsukuba2024/99_%E3%81%9D%E3%81%AE%E4%BB%96/20240404_%E6%A5%AD%E5%8B%99%E6%94%B9%E5%96%84%E3%83%87%E3%83%A2%E3%82%B7%E3%83%8A%E3%83%AA%E3%82%AA_%E8%8D%89%E6%A1%88/reserve/constrction.html,197686,,,,,,,,,,,,,,,,,,,,,,,,,,,null,null,C:\Users\vumic\Downloads\ツール資材_20240903\04_デモ用操作ログ\UC3\UC3_自組織\bdot20240415_133919.log,null,null,null,null,null
2024-04-15T13:42:42+0900,operation,Ryoma Takahashi,DESKTOP-Q316RCS,予約管理システム - 工事事前連絡 - Google Chrome,file:///D:/Work/AS%E7%A0%94/Git/Documents_BIST_Tsukuba2024/99_%E3%81%9D%E3%81%AE%E4%BB%96/20240404_%E6%A5%AD%E5%8B%99%E6%94%B9%E5%96%84%E3%83%87%E3%83%A2%E3%82%B7%E3%83%8A%E3%83%AA%E3%82%AA_%E8%8D%89%E6%A1%88/reserve/constrction.html,197686,Chrome_WidgetWin_1,C:\Program Files\Google\Chrome\Application\chrome.exe,11596,bdot20240415_133919/0415_134242_0.png,,value_change,090-1234-5678,181,27,177,335,text,INPUT,090-1234-5678,TelCustomer,,,textbox,,,,true,[],"{""labelinfo"":""電話番号：""}",,「電話番号：」へ「090-1234-5678」を入力する,null,null,C:\Users\vumic\Downloads\ツール資材_20240903\04_デモ用操作ログ\UC3\UC3_自組織\bdot20240415_133919.log,null,null,null,null,null
2024-04-15T13:42:43+0900,operation,Ryoma Takahashi,DESKTOP-Q316RCS,予約管理システム - 工事事前連絡 - Google Chrome,file:///D:/Work/AS%E7%A0%94/Git/Documents_BIST_Tsukuba2024/99_%E3%81%9D%E3%81%AE%E4%BB%96/20240404_%E6%A5%AD%E5%8B%99%E6%94%B9%E5%96%84%E3%83%87%E3%83%A2%E3%82%B7%E3%83%8A%E3%83%AA%E3%82%AA_%E8%8D%89%E6%A1%88/reserve/constrction.html,197686,Chrome_WidgetWin_1,C:\Program Files\Google\Chrome\Application\chrome.exe,11596,bdot20240415_133919/0415_134243_0.png,,value_change,集合,74,29,298,339.453125,select-one,SELECT,集合,enviroment,,,dropdown,,,,true,[],"{""labelinfo"":""設置環境：""}",,「設置環境：」から「集合」を選択する,null,null,C:\Users\vumic\Downloads\ツール資材_20240903\04_デモ用操作ログ\UC3\UC3_自組織\bdot20240415_133919.log,null,null,null,null,null
2024-04-15T13:42:48+0900,operation,Ryoma Takahashi,DESKTOP-Q316RCS,予約管理システム - 工事事前連絡 - Google Chrome,file:///D:/Work/AS%E7%A0%94/Git/Documents_BIST_Tsukuba2024/99_%E3%81%9D%E3%81%AE%E4%BB%96/20240404_%E6%A5%AD%E5%8B%99%E6%94%B9%E5%96%84%E3%83%87%E3%83%A2%E3%82%B7%E3%83%8A%E3%83%AA%E3%82%AA_%E8%8D%89%E6%A1%88/reserve/constrction.html,197686,Chrome_WidgetWin_1,C:\Program Files\Google\Chrome\Application\chrome.exe,11596,bdot20240415_133919/0415_134243_0.png,,value_change,5階 リビング,181,27,331.5,335,text,INPUT,5階 リビング,place,,,textbox,,,,false,"[{""ope_boxh"":29,""ope_boxl"":339.453125,""ope_boxt"":298,""ope_boxw"":74}]","{""labelinfo"":""本体の設置場所：""}",,「本体の設置場所：」へ「5階 リビング」を入力する,null,null,C:\Users\vumic\Downloads\ツール資材_20240903\04_デモ用操作ログ\UC3\UC3_自組織\bdot20240415_133919.log,null,null,null,null,null
2024-04-15T13:42:52+0900,operation,Ryoma Takahashi,DESKTOP-Q316RCS,予約管理システム - 工事事前連絡 - Google Chrome,file:///D:/Work/AS%E7%A0%94/Git/Documents_BIST_Tsukuba2024/99_%E3%81%9D%E3%81%AE%E4%BB%96/20240404_%E6%A5%AD%E5%8B%99%E6%94%B9%E5%96%84%E3%83%87%E3%83%A2%E3%82%B7%E3%83%8A%E3%83%AA%E3%82%AA_%E8%8D%89%E6%A1%88/reserve/constrction.html,197686,Chrome_WidgetWin_1,C:\Program Files\Google\Chrome\Application\chrome.exe,11596,bdot20240415_133919/0415_134243_0.png,,value_change,5階 壁面,181,27,363.5,335,text,INPUT,5階 壁面,outerPlace,,,textbox,,,,false,"[{""ope_boxh"":29,""ope_boxl"":339.453125,""ope_boxt"":298,""ope_boxw"":74},{""ope_boxh"":27,""ope_boxl"":335,""ope_boxt"":331.5,""ope_boxw"":181}]","{""labelinfo"":""室外機の設置場所：""}",,「室外機の設置場所：」へ「5階 壁面」を入力する,null,null,C:\Users\vumic\Downloads\ツール資材_20240903\04_デモ用操作ログ\UC3\UC3_自組織\bdot20240415_133919.log,null,null,null,null,null
2024-04-15T13:42:54+0900,operation,Ryoma Takahashi,DESKTOP-Q316RCS,予約管理システム - 工事事前連絡 - Google Chrome,file:///D:/Work/AS%E7%A0%94/Git/Documents_BIST_Tsukuba2024/99_%E3%81%9D%E3%81%AE%E4%BB%96/20240404_%E6%A5%AD%E5%8B%99%E6%94%B9%E5%96%84%E3%83%87%E3%83%A2%E3%82%B7%E3%83%8A%E3%83%AA%E3%82%AA_%E8%8D%89%E6%A1%88/reserve/constrction.html,197686,Chrome_WidgetWin_1,C:\Program Files\Google\Chrome\Application\chrome.exe,11596,bdot20240415_133919/0415_134243_0.png,,value_change,露出型,181,27,395.5,335,text,INPUT,露出型,electroSever,,,textbox,,,,false,"[{""ope_boxh"":29,""ope_boxl"":339.453125,""ope_boxt"":298,""ope_boxw"":74},{""ope_boxh"":27,""ope_boxl"":335,""ope_boxt"":331.5,""ope_boxw"":181},{""ope_boxh"":27,""ope_boxl"":335,""ope_boxt"":363.5,""ope_boxw"":181}]","{""labelinfo"":""配電盤の形状：""}",,「配電盤の形状：」へ「露出型」を入力する,null,null,C:\Users\vumic\Downloads\ツール資材_20240903\04_デモ用操作ログ\UC3\UC3_自組織\bdot20240415_133919.log,null,null,null,null,null
2024-04-15T13:42:55+0900,operation,Ryoma Takahashi,DESKTOP-Q316RCS,予約管理システム - 工事事前連絡 - Google Chrome,file:///D:/Work/AS%E7%A0%94/Git/Documents_BIST_Tsukuba2024/99_%E3%81%9D%E3%81%AE%E4%BB%96/20240404_%E6%A5%AD%E5%8B%99%E6%94%B9%E5%96%84%E3%83%87%E3%83%A2%E3%82%B7%E3%83%8A%E3%83%AA%E3%82%AA_%E8%8D%89%E6%A1%88/reserve/constrction.html,197686,Chrome_WidgetWin_1,C:\Program Files\Google\Chrome\Application\chrome.exe,11596,bdot20240415_133919/0415_134243_0.png,,value_change,10M,181,27,427,335,text,INPUT,10M,distance,,,textbox,,,,false,"[{""ope_boxh"":29,""ope_boxl"":339.453125,""ope_boxt"":298,""ope_boxw"":74},{""ope_boxh"":27,""ope_boxl"":335,""ope_boxt"":331.5,""ope_boxw"":181},{""ope_boxh"":27,""ope_boxl"":335,""ope_boxt"":363.5,""ope_boxw"":181},{""ope_boxh"":27,""ope_boxl"":335,""ope_boxt"":395.5,""ope_boxw"":181}]","{""labelinfo"":""配電盤からの距離：""}",,「配電盤からの距離：」へ「10M」を入力する,null,null,C:\Users\vumic\Downloads\ツール資材_20240903\04_デモ用操作ログ\UC3\UC3_自組織\bdot20240415_133919.log,null,null,null,null,null
2024-04-15T13:43:00+0900,operation,Ryoma Takahashi,DESKTOP-Q316RCS,予約管理システム - 工事事前連絡 - Google Chrome,file:///D:/Work/AS%E7%A0%94/Git/Documents_BIST_Tsukuba2024/99_%E3%81%9D%E3%81%AE%E4%BB%96/20240404_%E6%A5%AD%E5%8B%99%E6%94%B9%E5%96%84%E3%83%87%E3%83%A2%E3%82%B7%E3%83%8A%E3%83%AA%E3%82%AA_%E8%8D%89%E6%A1%88/reserve/constrction.html,197686,Chrome_WidgetWin_1,C:\Program Files\Google\Chrome\Application\chrome.exe,11596,bdot20240415_133919/0415_134243_0.png,,value_change,300kW,181,27,459,335,text,INPUT,300kW,Watt,,,textbox,,,,false,"[{""ope_boxh"":29,""ope_boxl"":339.453125,""ope_boxt"":298,""ope_boxw"":74},{""ope_boxh"":27,""ope_boxl"":335,""ope_boxt"":331.5,""ope_boxw"":181},{""ope_boxh"":27,""ope_boxl"":335,""ope_boxt"":363.5,""ope_boxw"":181},{""ope_boxh"":27,""ope_boxl"":335,""ope_boxt"":395.5,""ope_boxw"":181},{""ope_boxh"":27,""ope_boxl"":335,""ope_boxt"":427,""ope_boxw"":181}]","{""labelinfo"":""契約ワット数：""}",,「契約ワット数：」へ「300kW」を入力する,null,null,C:\Users\vumic\Downloads\ツール資材_20240903\04_デモ用操作ログ\UC3\UC3_自組織\bdot20240415_133919.log,null,null,null,null,null
2024-04-15T13:43:00+0900,operation,Ryoma Takahashi,DESKTOP-Q316RCS,予約管理システム - 工事事前連絡 - Google Chrome,file:///D:/Work/AS%E7%A0%94/Git/Documents_BIST_Tsukuba2024/99_%E3%81%9D%E3%81%AE%E4%BB%96/20240404_%E6%A5%AD%E5%8B%99%E6%94%B9%E5%96%84%E3%83%87%E3%83%A2%E3%82%B7%E3%83%8A%E3%83%AA%E3%82%AA_%E8%8D%89%E6%A1%88/reserve/constrction.html,197686,Chrome_WidgetWin_1,C:\Program Files\Google\Chrome\Application\chrome.exe,11596,bdot20240415_133919/0415_134243_0.png,,click,有:ON,30,13,586,344.453125,radio,INPUT,on,replace1,撤去エアコン,,radio,,,,false,"[{""ope_boxh"":29,""ope_boxl"":339.453125,""ope_boxt"":298,""ope_boxw"":74},{""ope_boxh"":27,""ope_boxl"":335,""ope_boxt"":331.5,""ope_boxw"":181},{""ope_boxh"":27,""ope_boxl"":335,""ope_boxt"":363.5,""ope_boxw"":181},{""ope_boxh"":27,""ope_boxl"":335,""ope_boxt"":395.5,""ope_boxw"":181},{""ope_boxh"":27,""ope_boxl"":335,""ope_boxt"":427,""ope_boxw"":181},{""ope_boxh"":27,""ope_boxl"":335,""ope_boxt"":459,""ope_boxw"":181}]","{""labelinfo"":""撤去エアコン：""}",,「撤去エアコン：」の「有」を選択する,null,null,C:\Users\vumic\Downloads\ツール資材_20240903\04_デモ用操作ログ\UC3\UC3_自組織\bdot20240415_133919.log,null,null,null,null,null
2024-04-15T13:43:00+0900,operation,Ryoma Takahashi,DESKTOP-Q316RCS,予約管理システム - 工事事前連絡 - Google Chrome,file:///D:/Work/AS%E7%A0%94/Git/Documents_BIST_Tsukuba2024/99_%E3%81%9D%E3%81%AE%E4%BB%96/20240404_%E6%A5%AD%E5%8B%99%E6%94%B9%E5%96%84%E3%83%87%E3%83%A2%E3%82%B7%E3%83%8A%E3%83%AA%E3%82%AA_%E8%8D%89%E6%A1%88/reserve/constrction.html,197686,Chrome_WidgetWin_1,C:\Program Files\Google\Chrome\Application\chrome.exe,11596,bdot20240415_133919/0415_134243_0.png,,click,有:ON,30,13,650,344.453125,radio,INPUT,on,pipeToOuter1,室外機への配管,,radio,,,,false,"[{""ope_boxh"":29,""ope_boxl"":339.453125,""ope_boxt"":298,""ope_boxw"":74},{""ope_boxh"":27,""ope_boxl"":335,""ope_boxt"":331.5,""ope_boxw"":181},{""ope_boxh"":27,""ope_boxl"":335,""ope_boxt"":363.5,""ope_boxw"":181},{""ope_boxh"":27,""ope_boxl"":335,""ope_boxt"":395.5,""ope_boxw"":181},{""ope_boxh"":27,""ope_boxl"":335,""ope_boxt"":427,""ope_boxw"":181},{""ope_boxh"":27,""ope_boxl"":335,""ope_boxt"":459,""ope_boxw"":181},{""ope_boxh"":13,""ope_boxl"":344.453125,""ope_boxt"":586,""ope_boxw"":30}]","{""labelinfo"":""室外機への配管：""}",,「室外機への配管：」の「有」を選択する,null,null,C:\Users\vumic\Downloads\ツール資材_20240903\04_デモ用操作ログ\UC3\UC3_自組織\bdot20240415_133919.log,null,null,null,null,null
2024-04-15T13:43:01+0900,operation,Ryoma Takahashi,DESKTOP-Q316RCS,予約管理システム - 工事事前連絡 - Google Chrome,file:///D:/Work/AS%E7%A0%94/Git/Documents_BIST_Tsukuba2024/99_%E3%81%9D%E3%81%AE%E4%BB%96/20240404_%E6%A5%AD%E5%8B%99%E6%94%B9%E5%96%84%E3%83%87%E3%83%A2%E3%82%B7%E3%83%8A%E3%83%AA%E3%82%AA_%E8%8D%89%E6%A1%88/reserve/constrction.html,197686,Chrome_WidgetWin_1,C:\Program Files\Google\Chrome\Application\chrome.exe,11596,bdot20240415_133919/0415_134243_0.png,,click,有:ON,30,13,682,344.453125,radio,INPUT,on,expipe1,化粧配管：,,radio,,,,false,"[{""ope_boxh"":29,""ope_boxl"":339.453125,""ope_boxt"":298,""ope_boxw"":74},{""ope_boxh"":27,""ope_boxl"":335,""ope_boxt"":331.5,""ope_boxw"":181},{""ope_boxh"":27,""ope_boxl"":335,""ope_boxt"":363.5,""ope_boxw"":181},{""ope_boxh"":27,""ope_boxl"":335,""ope_boxt"":395.5,""ope_boxw"":181},{""ope_boxh"":27,""ope_boxl"":335,""ope_boxt"":427,""ope_boxw"":181},{""ope_boxh"":27,""ope_boxl"":335,""ope_boxt"":459,""ope_boxw"":181},{""ope_boxh"":13,""ope_boxl"":344.453125,""ope_boxt"":586,""ope_boxw"":30},{""ope_boxh"":13,""ope_boxl"":344.453125,""ope_boxt"":650,""ope_boxw"":30}]","{""labelinfo"":""化粧配管：""}",,「化粧配管：」の「有」を選択する,null,null,C:\Users\vumic\Downloads\ツール資材_20240903\04_デモ用操作ログ\UC3\UC3_自組織\bdot20240415_133919.log,null,null,null,null,null
2024-04-15T13:43:02+0900,operation,Ryoma Takahashi,DESKTOP-Q316RCS,予約管理システム - 工事事前連絡 - Google Chrome,file:///D:/Work/AS%E7%A0%94/Git/Documents_BIST_Tsukuba2024/99_%E3%81%9D%E3%81%AE%E4%BB%96/20240404_%E6%A5%AD%E5%8B%99%E6%94%B9%E5%96%84%E3%83%87%E3%83%A2%E3%82%B7%E3%83%8A%E3%83%AA%E3%82%AA_%E8%8D%89%E6%A1%88/reserve/constrction.html,197686,Chrome_WidgetWin_1,C:\Program Files\Google\Chrome\Application\chrome.exe,11596,bdot20240415_133919/0415_134243_0.png,,click,:ON,13,13,778,353.453125,checkbox,INPUT,on,longString,,,,,,,false,"[{""ope_boxh"":29,""ope_boxl"":339.453125,""ope_boxt"":298,""ope_boxw"":74},{""ope_boxh"":27,""ope_boxl"":335,""ope_boxt"":331.5,""ope_boxw"":181},{""ope_boxh"":27,""ope_boxl"":335,""ope_boxt"":363.5,""ope_boxw"":181},{""ope_boxh"":27,""ope_boxl"":335,""ope_boxt"":395.5,""ope_boxw"":181},{""ope_boxh"":27,""ope_boxl"":335,""ope_boxt"":427,""ope_boxw"":181},{""ope_boxh"":27,""ope_boxl"":335,""ope_boxt"":459,""ope_boxw"":181},{""ope_boxh"":13,""ope_boxl"":344.453125,""ope_boxt"":586,""ope_boxw"":30},{""ope_boxh"":13,""ope_boxl"":344.453125,""ope_boxt"":650,""ope_boxw"":30},{""ope_boxh"":13,""ope_boxl"":344.453125,""ope_boxt"":682,""ope_boxw"":30}]","{""labelinfo"":""延長配線有無：""}",,「延長配線有無：」の「」をチェックする,null,null,C:\Users\vumic\Downloads\ツール資材_20240903\04_デモ用操作ログ\UC3\UC3_自組織\bdot20240415_133919.log,null,null,null,null,null
2024-04-15T13:43:08+0900,operation,Ryoma Takahashi,DESKTOP-Q316RCS,予約管理システム - 工事事前連絡 - Google Chrome,file:///D:/Work/AS%E7%A0%94/Git/Documents_BIST_Tsukuba2024/99_%E3%81%9D%E3%81%AE%E4%BB%96/20240404_%E6%A5%AD%E5%8B%99%E6%94%B9%E5%96%84%E3%83%87%E3%83%A2%E3%82%B7%E3%83%8A%E3%83%AA%E3%82%AA_%E8%8D%89%E6%A1%88/reserve/constrction.html,197686,Chrome_WidgetWin_1,C:\Program Files\Google\Chrome\Application\chrome.exe,11596,bdot20240415_133919/0415_134243_0.png,,value_change,工事 一郎,181,27,927.5,335,text,INPUT,工事 一郎,practitioner,,,textbox,,,,false,"[{""ope_boxh"":29,""ope_boxl"":339.453125,""ope_boxt"":298,""ope_boxw"":74},{""ope_boxh"":27,""ope_boxl"":335,""ope_boxt"":331.5,""ope_boxw"":181},{""ope_boxh"":27,""ope_boxl"":335,""ope_boxt"":363.5,""ope_boxw"":181},{""ope_boxh"":27,""ope_boxl"":335,""ope_boxt"":395.5,""ope_boxw"":181},{""ope_boxh"":27,""ope_boxl"":335,""ope_boxt"":427,""ope_boxw"":181},{""ope_boxh"":27,""ope_boxl"":335,""ope_boxt"":459,""ope_boxw"":181},{""ope_boxh"":13,""ope_boxl"":344.453125,""ope_boxt"":586,""ope_boxw"":30},{""ope_boxh"":13,""ope_boxl"":344.453125,""ope_boxt"":650,""ope_boxw"":30},{""ope_boxh"":13,""ope_boxl"":344.453125,""ope_boxt"":682,""ope_boxw"":30},{""ope_boxh"":13,""ope_boxl"":353.453125,""ope_boxt"":778,""ope_boxw"":13}]","{""labelinfo"":""工事実施者：""}",,「工事実施者：」へ「工事 一郎」を入力する,null,null,C:\Users\vumic\Downloads\ツール資材_20240903\04_デモ用操作ログ\UC3\UC3_自組織\bdot20240415_133919.log,null,null,null,null,null
2024-04-15T13:43:18+0900,operation,Ryoma Takahashi,DESKTOP-Q316RCS,予約管理システム - 工事事前連絡 - Google Chrome,file:///D:/Work/AS%E7%A0%94/Git/Documents_BIST_Tsukuba2024/99_%E3%81%9D%E3%81%AE%E4%BB%96/20240404_%E6%A5%AD%E5%8B%99%E6%94%B9%E5%96%84%E3%83%87%E3%83%A2%E3%82%B7%E3%83%8A%E3%83%AA%E3%82%AA_%E8%8D%89%E6%A1%88/reserve/constrction.html,197686,Chrome_WidgetWin_1,C:\Program Files\Google\Chrome\Application\chrome.exe,11596,bdot20240415_133919/0415_134243_0.png,,value_change,012-345-6789,181,27,927,720.453125,tel,INPUT,012-345-6789,telPrac,,,textbox,,,,false,"[{""ope_boxh"":29,""ope_boxl"":339.453125,""ope_boxt"":298,""ope_boxw"":74},{""ope_boxh"":27,""ope_boxl"":335,""ope_boxt"":331.5,""ope_boxw"":181},{""ope_boxh"":27,""ope_boxl"":335,""ope_boxt"":363.5,""ope_boxw"":181},{""ope_boxh"":27,""ope_boxl"":335,""ope_boxt"":395.5,""ope_boxw"":181},{""ope_boxh"":27,""ope_boxl"":335,""ope_boxt"":427,""ope_boxw"":181},{""ope_boxh"":27,""ope_boxl"":335,""ope_boxt"":459,""ope_boxw"":181},{""ope_boxh"":13,""ope_boxl"":344.453125,""ope_boxt"":586,""ope_boxw"":30},{""ope_boxh"":13,""ope_boxl"":344.453125,""ope_boxt"":650,""ope_boxw"":30},{""ope_boxh"":13,""ope_boxl"":344.453125,""ope_boxt"":682,""ope_boxw"":30},{""ope_boxh"":13,""ope_boxl"":353.453125,""ope_boxt"":778,""ope_boxw"":13},{""ope_boxh"":27,""ope_boxl"":335,""ope_boxt"":927.5,""ope_boxw"":181}]","{""labelinfo"":""連絡先電話番号：""}",,「連絡先電話番号：」へ「012-345-6789」を入力する,null,null,C:\Users\vumic\Downloads\ツール資材_20240903\04_デモ用操作ログ\UC3\UC3_自組織\bdot20240415_133919.log,null,null,null,null,null
2024-04-15T13:43:21+0900,operation,Ryoma Takahashi,DESKTOP-Q316RCS,予約管理システム - 工事事前連絡 - Google Chrome,file:///D:/Work/AS%E7%A0%94/Git/Documents_BIST_Tsukuba2024/99_%E3%81%9D%E3%81%AE%E4%BB%96/20240404_%E6%A5%AD%E5%8B%99%E6%94%B9%E5%96%84%E3%83%87%E3%83%A2%E3%82%B7%E3%83%8A%E3%83%AA%E3%82%AA_%E8%8D%89%E6%A1%88/reserve/constrction.html,197686,Chrome_WidgetWin_1,C:\Program Files\Google\Chrome\Application\chrome.exe,11596,bdot20240415_133919/0415_134243_0.png,,value_change,電気　,181,27,959.5,335,text,INPUT,電気　,electronic,,,textbox,,,,false,"[{""ope_boxh"":29,""ope_boxl"":339.453125,""ope_boxt"":298,""ope_boxw"":74},{""ope_boxh"":27,""ope_boxl"":335,""ope_boxt"":331.5,""ope_boxw"":181},{""ope_boxh"":27,""ope_boxl"":335,""ope_boxt"":363.5,""ope_boxw"":181},{""ope_boxh"":27,""ope_boxl"":335,""ope_boxt"":395.5,""ope_boxw"":181},{""ope_boxh"":27,""ope_boxl"":335,""ope_boxt"":427,""ope_boxw"":181},{""ope_boxh"":27,""ope_boxl"":335,""ope_boxt"":459,""ope_boxw"":181},{""ope_boxh"":13,""ope_boxl"":344.453125,""ope_boxt"":586,""ope_boxw"":30},{""ope_boxh"":13,""ope_boxl"":344.453125,""ope_boxt"":650,""ope_boxw"":30},{""ope_boxh"":13,""ope_boxl"":344.453125,""ope_boxt"":682,""ope_boxw"":30},{""ope_boxh"":13,""ope_boxl"":353.453125,""ope_boxt"":778,""ope_boxw"":13},{""ope_boxh"":27,""ope_boxl"":335,""ope_boxt"":927.5,""ope_boxw"":181},{""ope_boxh"":27,""ope_boxl"":720.453125,""ope_boxt"":927,""ope_boxw"":181}]","{""labelinfo"":""電気工事士：""}",,「電気工事士：」へ「電気」を入力する,null,null,C:\Users\vumic\Downloads\ツール資材_20240903\04_デモ用操作ログ\UC3\UC3_自組織\bdot20240415_133919.log,null,null,null,null,null
2024-04-15T13:43:28+0900,operation,Ryoma Takahashi,DESKTOP-Q316RCS,予約管理システム - 工事事前連絡 - Google Chrome,file:///D:/Work/AS%E7%A0%94/Git/Documents_BIST_Tsukuba2024/99_%E3%81%9D%E3%81%AE%E4%BB%96/20240404_%E6%A5%AD%E5%8B%99%E6%94%B9%E5%96%84%E3%83%87%E3%83%A2%E3%82%B7%E3%83%8A%E3%83%AA%E3%82%AA_%E8%8D%89%E6%A1%88/reserve/constrction.html,197686,Chrome_WidgetWin_1,C:\Program Files\Google\Chrome\Application\chrome.exe,11596,bdot20240415_133919/0415_134243_0.png,,value_change,電気 一郎,181,27,959.5,335,text,INPUT,電気 一郎,electronic,,,textbox,,,,false,"[{""ope_boxh"":29,""ope_boxl"":339.453125,""ope_boxt"":298,""ope_boxw"":74},{""ope_boxh"":27,""ope_boxl"":335,""ope_boxt"":331.5,""ope_boxw"":181},{""ope_boxh"":27,""ope_boxl"":335,""ope_boxt"":363.5,""ope_boxw"":181},{""ope_boxh"":27,""ope_boxl"":335,""ope_boxt"":395.5,""ope_boxw"":181},{""ope_boxh"":27,""ope_boxl"":335,""ope_boxt"":427,""ope_boxw"":181},{""ope_boxh"":27,""ope_boxl"":335,""ope_boxt"":459,""ope_boxw"":181},{""ope_boxh"":13,""ope_boxl"":344.453125,""ope_boxt"":586,""ope_boxw"":30},{""ope_boxh"":13,""ope_boxl"":344.453125,""ope_boxt"":650,""ope_boxw"":30},{""ope_boxh"":13,""ope_boxl"":344.453125,""ope_boxt"":682,""ope_boxw"":30},{""ope_boxh"":13,""ope_boxl"":353.453125,""ope_boxt"":778,""ope_boxw"":13},{""ope_boxh"":27,""ope_boxl"":335,""ope_boxt"":927.5,""ope_boxw"":181},{""ope_boxh"":27,""ope_boxl"":720.453125,""ope_boxt"":927,""ope_boxw"":181},{""ope_boxh"":27,""ope_boxl"":335,""ope_boxt"":959.5,""ope_boxw"":181}]","{""labelinfo"":""電気工事士：""}",,「電気工事士：」へ「電気 一郎」を入力する,null,null,C:\Users\vumic\Downloads\ツール資材_20240903\04_デモ用操作ログ\UC3\UC3_自組織\bdot20240415_133919.log,null,null,null,null,null
2024-04-15T13:43:34+0900,operation,Ryoma Takahashi,DESKTOP-Q316RCS,予約管理システム - 工事事前連絡 - Google Chrome,file:///D:/Work/AS%E7%A0%94/Git/Documents_BIST_Tsukuba2024/99_%E3%81%9D%E3%81%AE%E4%BB%96/20240404_%E6%A5%AD%E5%8B%99%E6%94%B9%E5%96%84%E3%83%87%E3%83%A2%E3%82%B7%E3%83%8A%E3%83%AA%E3%82%AA_%E8%8D%89%E6%A1%88/reserve/constrction.html,197686,Chrome_WidgetWin_1,C:\Program Files\Google\Chrome\Application\chrome.exe,11596,bdot20240415_133919/0415_134243_0.png,,value_change,987-654-3210,181,27,959,720.453125,tel,INPUT,987-654-3210,telElec,,,textbox,,,,false,"[{""ope_boxh"":29,""ope_boxl"":339.453125,""ope_boxt"":298,""ope_boxw"":74},{""ope_boxh"":27,""ope_boxl"":335,""ope_boxt"":331.5,""ope_boxw"":181},{""ope_boxh"":27,""ope_boxl"":335,""ope_boxt"":363.5,""ope_boxw"":181},{""ope_boxh"":27,""ope_boxl"":335,""ope_boxt"":395.5,""ope_boxw"":181},{""ope_boxh"":27,""ope_boxl"":335,""ope_boxt"":427,""ope_boxw"":181},{""ope_boxh"":27,""ope_boxl"":335,""ope_boxt"":459,""ope_boxw"":181},{""ope_boxh"":13,""ope_boxl"":344.453125,""ope_boxt"":586,""ope_boxw"":30},{""ope_boxh"":13,""ope_boxl"":344.453125,""ope_boxt"":650,""ope_boxw"":30},{""ope_boxh"":13,""ope_boxl"":344.453125,""ope_boxt"":682,""ope_boxw"":30},{""ope_boxh"":13,""ope_boxl"":353.453125,""ope_boxt"":778,""ope_boxw"":13},{""ope_boxh"":27,""ope_boxl"":335,""ope_boxt"":927.5,""ope_boxw"":181},{""ope_boxh"":27,""ope_boxl"":720.453125,""ope_boxt"":927,""ope_boxw"":181},{""ope_boxh"":27,""ope_boxl"":335,""ope_boxt"":959.5,""ope_boxw"":181},{""ope_boxh"":27,""ope_boxl"":335,""ope_boxt"":959.5,""ope_boxw"":181}]","{""labelinfo"":""連絡先電話番号：""}",,「連絡先電話番号：」へ「987-654-3210」を入力する,null,null,C:\Users\vumic\Downloads\ツール資材_20240903\04_デモ用操作ログ\UC3\UC3_自組織\bdot20240415_133919.log,null,null,null,null,null
2024-04-15T13:43:39+0900,operation,Ryoma Takahashi,DESKTOP-Q316RCS,予約管理システム - 工事事前連絡 - Google Chrome,file:///D:/Work/AS%E7%A0%94/Git/Documents_BIST_Tsukuba2024/99_%E3%81%9D%E3%81%AE%E4%BB%96/20240404_%E6%A5%AD%E5%8B%99%E6%94%B9%E5%96%84%E3%83%87%E3%83%A2%E3%82%B7%E3%83%8A%E3%83%AA%E3%82%AA_%E8%8D%89%E6%A1%88/reserve/constrction.html,197686,Chrome_WidgetWin_1,C:\Program Files\Google\Chrome\Application\chrome.exe,11596,bdot20240415_133919/0415_134243_0.png,,value_change,販売 担子,181,27,991.5,335,text,INPUT,販売 担子,seller,,,textbox,,,,false,"[{""ope_boxh"":29,""ope_boxl"":339.453125,""ope_boxt"":298,""ope_boxw"":74},{""ope_boxh"":27,""ope_boxl"":335,""ope_boxt"":331.5,""ope_boxw"":181},{""ope_boxh"":27,""ope_boxl"":335,""ope_boxt"":363.5,""ope_boxw"":181},{""ope_boxh"":27,""ope_boxl"":335,""ope_boxt"":395.5,""ope_boxw"":181},{""ope_boxh"":27,""ope_boxl"":335,""ope_boxt"":427,""ope_boxw"":181},{""ope_boxh"":27,""ope_boxl"":335,""ope_boxt"":459,""ope_boxw"":181},{""ope_boxh"":13,""ope_boxl"":344.453125,""ope_boxt"":586,""ope_boxw"":30},{""ope_boxh"":13,""ope_boxl"":344.453125,""ope_boxt"":650,""ope_boxw"":30},{""ope_boxh"":13,""ope_boxl"":344.453125,""ope_boxt"":682,""ope_boxw"":30},{""ope_boxh"":13,""ope_boxl"":353.453125,""ope_boxt"":778,""ope_boxw"":13},{""ope_boxh"":27,""ope_boxl"":335,""ope_boxt"":927.5,""ope_boxw"":181},{""ope_boxh"":27,""ope_boxl"":720.453125,""ope_boxt"":927,""ope_boxw"":181},{""ope_boxh"":27,""ope_boxl"":335,""ope_boxt"":959.5,""ope_boxw"":181},{""ope_boxh"":27,""ope_boxl"":335,""ope_boxt"":959.5,""ope_boxw"":181},{""ope_boxh"":27,""ope_boxl"":720.453125,""ope_boxt"":959,""ope_boxw"":181}]","{""labelinfo"":""販売担当者：""}",,「販売担当者：」へ「販売 担子」を入力する,null,null,C:\Users\vumic\Downloads\ツール資材_20240903\04_デモ用操作ログ\UC3\UC3_自組織\bdot20240415_133919.log,null,null,null,null,null
2024-04-15T13:43:45+0900,operation,Ryoma Takahashi,DESKTOP-Q316RCS,予約管理システム - 工事事前連絡 - Google Chrome,file:///D:/Work/AS%E7%A0%94/Git/Documents_BIST_Tsukuba2024/99_%E3%81%9D%E3%81%AE%E4%BB%96/20240404_%E6%A5%AD%E5%8B%99%E6%94%B9%E5%96%84%E3%83%87%E3%83%A2%E3%82%B7%E3%83%8A%E3%83%AA%E3%82%AA_%E8%8D%89%E6%A1%88/reserve/constrction.html,197686,Chrome_WidgetWin_1,C:\Program Files\Google\Chrome\Application\chrome.exe,11596,bdot20240415_133919/0415_134243_0.png,,value_change,090-1111-2222,181,27,991,720.453125,tel,INPUT,090-1111-2222,telSell,,,textbox,,,,false,"[{""ope_boxh"":29,""ope_boxl"":339.453125,""ope_boxt"":298,""ope_boxw"":74},{""ope_boxh"":27,""ope_boxl"":335,""ope_boxt"":331.5,""ope_boxw"":181},{""ope_boxh"":27,""ope_boxl"":335,""ope_boxt"":363.5,""ope_boxw"":181},{""ope_boxh"":27,""ope_boxl"":335,""ope_boxt"":395.5,""ope_boxw"":181},{""ope_boxh"":27,""ope_boxl"":335,""ope_boxt"":427,""ope_boxw"":181},{""ope_boxh"":27,""ope_boxl"":335,""ope_boxt"":459,""ope_boxw"":181},{""ope_boxh"":13,""ope_boxl"":344.453125,""ope_boxt"":586,""ope_boxw"":30},{""ope_boxh"":13,""ope_boxl"":344.453125,""ope_boxt"":650,""ope_boxw"":30},{""ope_boxh"":13,""ope_boxl"":344.453125,""ope_boxt"":682,""ope_boxw"":30},{""ope_boxh"":13,""ope_boxl"":353.453125,""ope_boxt"":778,""ope_boxw"":13},{""ope_boxh"":27,""ope_boxl"":335,""ope_boxt"":927.5,""ope_boxw"":181},{""ope_boxh"":27,""ope_boxl"":720.453125,""ope_boxt"":927,""ope_boxw"":181},{""ope_boxh"":27,""ope_boxl"":335,""ope_boxt"":959.5,""ope_boxw"":181},{""ope_boxh"":27,""ope_boxl"":335,""ope_boxt"":959.5,""ope_boxw"":181},{""ope_boxh"":27,""ope_boxl"":720.453125,""ope_boxt"":959,""ope_boxw"":181},{""ope_boxh"":27,""ope_boxl"":335,""ope_boxt"":991.5,""ope_boxw"":181}]","{""labelinfo"":""連絡先電話番号：""}",,「連絡先電話番号：」へ「090-1111-2222」を入力する,null,null,C:\Users\vumic\Downloads\ツール資材_20240903\04_デモ用操作ログ\UC3\UC3_自組織\bdot20240415_133919.log,null,null,null,null,null
2024-04-15T13:43:45+0900,operation,Ryoma Takahashi,DESKTOP-Q316RCS,予約管理システム - 工事事前連絡 - Google Chrome,file:///D:/Work/AS%E7%A0%94/Git/Documents_BIST_Tsukuba2024/99_%E3%81%9D%E3%81%AE%E4%BB%96/20240404_%E6%A5%AD%E5%8B%99%E6%94%B9%E5%96%84%E3%83%87%E3%83%A2%E3%82%B7%E3%83%8A%E3%83%AA%E3%82%AA_%E8%8D%89%E6%A1%88/reserve/constrction.html,197686,Chrome_WidgetWin_1,C:\Program Files\Google\Chrome\Application\chrome.exe,11596,bdot20240415_133919/0415_134243_0.png,,click,送信,56,37,1081,42,submit,BUTTON,,,,,button,,,,false,"[{""ope_boxh"":29,""ope_boxl"":339.453125,""ope_boxt"":298,""ope_boxw"":74},{""ope_boxh"":27,""ope_boxl"":335,""ope_boxt"":331.5,""ope_boxw"":181},{""ope_boxh"":27,""ope_boxl"":335,""ope_boxt"":363.5,""ope_boxw"":181},{""ope_boxh"":27,""ope_boxl"":335,""ope_boxt"":395.5,""ope_boxw"":181},{""ope_boxh"":27,""ope_boxl"":335,""ope_boxt"":427,""ope_boxw"":181},{""ope_boxh"":27,""ope_boxl"":335,""ope_boxt"":459,""ope_boxw"":181},{""ope_boxh"":13,""ope_boxl"":344.453125,""ope_boxt"":586,""ope_boxw"":30},{""ope_boxh"":13,""ope_boxl"":344.453125,""ope_boxt"":650,""ope_boxw"":30},{""ope_boxh"":13,""ope_boxl"":344.453125,""ope_boxt"":682,""ope_boxw"":30},{""ope_boxh"":13,""ope_boxl"":353.453125,""ope_boxt"":778,""ope_boxw"":13},{""ope_boxh"":27,""ope_boxl"":335,""ope_boxt"":927.5,""ope_boxw"":181},{""ope_boxh"":27,""ope_boxl"":720.453125,""ope_boxt"":927,""ope_boxw"":181},{""ope_boxh"":27,""ope_boxl"":335,""ope_boxt"":959.5,""ope_boxw"":181},{""ope_boxh"":27,""ope_boxl"":335,""ope_boxt"":959.5,""ope_boxw"":181},{""ope_boxh"":27,""ope_boxl"":720.453125,""ope_boxt"":959,""ope_boxw"":181},{""ope_boxh"":27,""ope_boxl"":335,""ope_boxt"":991.5,""ope_boxw"":181},{""ope_boxh"":27,""ope_boxl"":720.453125,""ope_boxt"":991,""ope_boxw"":181}]","{""labelinfo"":""販売担当者：""}",,「送信」を押下する,null,null,C:\Users\vumic\Downloads\ツール資材_20240903\04_デモ用操作ログ\UC3\UC3_自組織\bdot20240415_133919.log,null,null,null,null,null
2024-04-15T13:43:48+0900,operation,Ryoma Takahashi,DESKTOP-Q316RCS,予約管理システム - お客様情報 - Google Chrome,file:///D:/Work/AS%E7%A0%94/Git/Documents_BIST_Tsukuba2024/99_%E3%81%9D%E3%81%AE%E4%BB%96/20240404_%E6%A5%AD%E5%8B%99%E6%94%B9%E5%96%84%E3%83%87%E3%83%A2%E3%82%B7%E3%83%8A%E3%83%AA%E3%82%AA_%E8%8D%89%E6%A1%88/reserve/schedule.html,197686,Chrome_WidgetWin_1,C:\Program Files\Google\Chrome\Application\chrome.exe,11596,bdot20240415_133919/0415_134348_0.png,,click,戻る,56,37,499,42,submit,BUTTON,,return,,,button3,,,,true,[],"{""labelinfo"":""参照""}",,「戻る」を押下する,null,null,C:\Users\vumic\Downloads\ツール資材_20240903\04_デモ用操作ログ\UC3\UC3_自組織\bdot20240415_133919.log,null,null,null,null,null
2024-04-15T13:43:50+0900,operation,Ryoma Takahashi,DESKTOP-Q316RCS,予約管理システム - Google Chrome,file:///D:/Work/AS%E7%A0%94/Git/Documents_BIST_Tsukuba2024/99_%E3%81%9D%E3%81%AE%E4%BB%96/20240404_%E6%A5%AD%E5%8B%99%E6%94%B9%E5%96%84%E3%83%87%E3%83%A2%E3%82%B7%E3%83%8A%E3%83%AA%E3%82%AA_%E8%8D%89%E6%A1%88/reserve/mainMenuPage.html,197686,Chrome_WidgetWin_1,C:\Program Files\Google\Chrome\Application\chrome.exe,11596,bdot20240415_133919/0415_134350_0.png,,click,ログアウト,150,32,167,245.359375,submit,BUTTON,,logout,,,button3,,,,true,[],"{""labelinfo"":""ようこそ　XXXXXさん""}",,「ログアウト」を押下する,null,null,C:\Users\vumic\Downloads\ツール資材_20240903\04_デモ用操作ログ\UC3\UC3_自組織\bdot20240415_133919.log,null,null,null,null,null
2024-04-15T13:43:51+0900,operation,Ryoma Takahashi,DESKTOP-Q316RCS,予約管理システム - ログイン画面 - Google Chrome,file:///D:/Work/AS%E7%A0%94/Git/Documents_BIST_Tsukuba2024/99_%E3%81%9D%E3%81%AE%E4%BB%96/20240404_%E6%A5%AD%E5%8B%99%E6%94%B9%E5%96%84%E3%83%87%E3%83%A2%E3%82%B7%E3%83%8A%E3%83%AA%E3%82%AA_%E8%8D%89%E6%A1%88/reserve/loginpage_reserve.html,197686,Chrome_WidgetWin_1,C:\Program Files\Google\Chrome\Application\chrome.exe,11596,bdot20240415_133919/0415_134351_0.png,,click,戻る,56,37,253,162.453125,submit,BUTTON,,,,,button,,,,true,[],"{""labelinfo"":""送信""}",,「戻る」を押下する,null,null,C:\Users\vumic\Downloads\ツール資材_20240903\04_デモ用操作ログ\UC3\UC3_自組織\bdot20240415_133919.log,null,null,null,null,null
2024-04-15T13:43:52+0900,operation,Ryoma Takahashi,DESKTOP-Q316RCS,XX社業務システム - Google Chrome,file:///D:/Work/AS%E7%A0%94/Git/Documents_BIST_Tsukuba2024/99_%E3%81%9D%E3%81%AE%E4%BB%96/20240404_%E6%A5%AD%E5%8B%99%E6%94%B9%E5%96%84%E3%83%87%E3%83%A2%E3%82%B7%E3%83%8A%E3%83%AA%E3%82%AA_%E8%8D%89%E6%A1%88/mainpage.html,197686,Chrome_WidgetWin_1,C:\Program Files\Google\Chrome\Application\chrome.exe,11596,bdot20240415_133919/0415_134352_0.png,,click,商品発注システム,300,53,278,52,submit,BUTTON,,order,,,button2,,,,true,[],"{""labelinfo"":""商品納入・工事予約管理システム""}",,「商品発注システム」を押下する,null,null,C:\Users\vumic\Downloads\ツール資材_20240903\04_デモ用操作ログ\UC3\UC3_自組織\bdot20240415_133919.log,null,null,null,null,null
2024-04-15T13:43:58+0900,operation,Ryoma Takahashi,DESKTOP-Q316RCS,発注システム - ログイン画面 - Google Chrome,file:///D:/Work/AS%E7%A0%94/Git/Documents_BIST_Tsukuba2024/99_%E3%81%9D%E3%81%AE%E4%BB%96/20240404_%E6%A5%AD%E5%8B%99%E6%94%B9%E5%96%84%E3%83%87%E3%83%A2%E3%82%B7%E3%83%8A%E3%83%AA%E3%82%AA_%E8%8D%89%E6%A1%88/order/loginpage_order.html,197686,Chrome_WidgetWin_1,C:\Program Files\Google\Chrome\Application\chrome.exe,11596,bdot20240415_133919/0415_134358_0.png,,value_change,onlyorder,181,27,189,178,text,INPUT,onlyorder,,,,textbox,,,,true,[],"{""labelinfo"":""発注システム""}",,「発注システム」へ「onlyorder」を入力する,null,null,C:\Users\vumic\Downloads\ツール資材_20240903\04_デモ用操作ログ\UC3\UC3_自組織\bdot20240415_133919.log,null,null,null,null,null
2024-04-15T13:44:02+0900,operation,Ryoma Takahashi,DESKTOP-Q316RCS,発注システム - ログイン画面 - Google Chrome,file:///D:/Work/AS%E7%A0%94/Git/Documents_BIST_Tsukuba2024/99_%E3%81%9D%E3%81%AE%E4%BB%96/20240404_%E6%A5%AD%E5%8B%99%E6%94%B9%E5%96%84%E3%83%87%E3%83%A2%E3%82%B7%E3%83%8A%E3%83%AA%E3%82%AA_%E8%8D%89%E6%A1%88/order/loginpage_order.html,197686,Chrome_WidgetWin_1,C:\Program Files\Google\Chrome\Application\chrome.exe,11596,bdot20240415_133919/0415_134358_0.png,,value_change,<PASSWORD>,181,27,216,178,password,INPUT,<PASSWORD>,,,,textbox,,,,false,"[{""ope_boxh"":27,""ope_boxl"":178,""ope_boxt"":189,""ope_boxw"":181}]","{""labelinfo"":""発注システム""}",,「発注システム」へ「<PASSWORD>」を入力する,null,null,C:\Users\vumic\Downloads\ツール資材_20240903\04_デモ用操作ログ\UC3\UC3_自組織\bdot20240415_133919.log,null,null,null,null,null
2024-04-15T13:44:02+0900,operation,Ryoma Takahashi,DESKTOP-Q316RCS,発注システム - ログイン画面 - Google Chrome,file:///D:/Work/AS%E7%A0%94/Git/Documents_BIST_Tsukuba2024/99_%E3%81%9D%E3%81%AE%E4%BB%96/20240404_%E6%A5%AD%E5%8B%99%E6%94%B9%E5%96%84%E3%83%87%E3%83%A2%E3%82%B7%E3%83%8A%E3%83%AA%E3%82%AA_%E8%8D%89%E6%A1%88/order/loginpage_order.html,197686,Chrome_WidgetWin_1,C:\Program Files\Google\Chrome\Application\chrome.exe,11596,bdot20240415_133919/0415_134358_0.png,,click,送信,56,37,243,82,submit,BUTTON,,,,,button,,,,false,"[{""ope_boxh"":27,""ope_boxl"":178,""ope_boxt"":189,""ope_boxw"":181},{""ope_boxh"":27,""ope_boxl"":178,""ope_boxt"":216,""ope_boxw"":181}]","{""labelinfo"":""発注システム""}",,「送信」を押下する,null,null,C:\Users\vumic\Downloads\ツール資材_20240903\04_デモ用操作ログ\UC3\UC3_自組織\bdot20240415_133919.log,null,null,null,null,null
2024-04-15T13:44:04+0900,operation,Ryoma Takahashi,DESKTOP-Q316RCS,発注システム - Google Chrome,file:///D:/Work/AS%E7%A0%94/Git/Documents_BIST_Tsukuba2024/99_%E3%81%9D%E3%81%AE%E4%BB%96/20240404_%E6%A5%AD%E5%8B%99%E6%94%B9%E5%96%84%E3%83%87%E3%83%A2%E3%82%B7%E3%83%8A%E3%83%AA%E3%82%AA_%E8%8D%89%E6%A1%88/order/orderMenuPage.html,197686,Chrome_WidgetWin_1,C:\Program Files\Google\Chrome\Application\chrome.exe,11596,bdot20240415_133919/0415_134404_0.png,,click,メーカ様向け　　　　　　\n商品発注,300,75,250,82,submit,BUTTON,,,,,button,,,,true,[],"{""labelinfo"":""ようこそ　XXXXXさん""}",,「メーカ様向け　　　　　　商品発注」を押下する,null,null,C:\Users\vumic\Downloads\ツール資材_20240903\04_デモ用操作ログ\UC3\UC3_自組織\bdot20240415_133919.log,null,null,null,null,null
2024-04-15T13:44:06+0900,operation,Ryoma Takahashi,DESKTOP-Q316RCS,発注システム - 商品発注 - Google Chrome,file:///D:/Work/AS%E7%A0%94/Git/Documents_BIST_Tsukuba2024/99_%E3%81%9D%E3%81%AE%E4%BB%96/20240404_%E6%A5%AD%E5%8B%99%E6%94%B9%E5%96%84%E3%83%87%E3%83%A2%E3%82%B7%E3%83%8A%E3%83%AA%E3%82%AA_%E8%8D%89%E6%A1%88/order/productOrder.html,197686,Chrome_WidgetWin_1,C:\Program Files\Google\Chrome\Application\chrome.exe,11596,bdot20240415_133919/0415_134406_0.png,,value_change,2024-04-09,112.328125,21.328125,293.84375,199,date,INPUT,2024-04-09,date,,,,,,,true,[],"{""labelinfo"":""作成日：""}",,「作成日：」へ「2024-04-09」を選択する,null,null,C:\Users\vumic\Downloads\ツール資材_20240903\04_デモ用操作ログ\UC3\UC3_自組織\bdot20240415_133919.log,null,null,null,null,null
2024-04-15T13:44:09+0900,operation,Ryoma Takahashi,DESKTOP-Q316RCS,発注システム - 商品発注 - Google Chrome,file:///D:/Work/AS%E7%A0%94/Git/Documents_BIST_Tsukuba2024/99_%E3%81%9D%E3%81%AE%E4%BB%96/20240404_%E6%A5%AD%E5%8B%99%E6%94%B9%E5%96%84%E3%83%87%E3%83%A2%E3%82%B7%E3%83%8A%E3%83%AA%E3%82%AA_%E8%8D%89%E6%A1%88/order/productOrder.html,197686,Chrome_WidgetWin_1,C:\Program Files\Google\Chrome\Application\chrome.exe,11596,bdot20240415_133919/0415_134406_0.png,,value_change,10001,181,27,345,199,text,INPUT,10001,ID,,,textbox,,,,false,"[{""ope_boxh"":21.328125,""ope_boxl"":199,""ope_boxt"":293.84375,""ope_boxw"":112.328125}]","{""labelinfo"":""案件ID：""}",,「案件ID：」へ「10001」を入力する,null,null,C:\Users\vumic\Downloads\ツール資材_20240903\04_デモ用操作ログ\UC3\UC3_自組織\bdot20240415_133919.log,null,null,null,null,null
2024-04-15T13:44:13+0900,operation,Ryoma Takahashi,DESKTOP-Q316RCS,発注システム - 商品発注 - Google Chrome,file:///D:/Work/AS%E7%A0%94/Git/Documents_BIST_Tsukuba2024/99_%E3%81%9D%E3%81%AE%E4%BB%96/20240404_%E6%A5%AD%E5%8B%99%E6%94%B9%E5%96%84%E3%83%87%E3%83%A2%E3%82%B7%E3%83%8A%E3%83%AA%E3%82%AA_%E8%8D%89%E6%A1%88/order/productOrder.html,197686,Chrome_WidgetWin_1,C:\Program Files\Google\Chrome\Application\chrome.exe,11596,bdot20240415_133919/0415_134406_0.png,,value_change,ミドルスペック,181,27,462,199,text,INPUT,ミドルスペック,product,,,textbox,,,,false,"[{""ope_boxh"":21.328125,""ope_boxl"":199,""ope_boxt"":293.84375,""ope_boxw"":112.328125},{""ope_boxh"":27,""ope_boxl"":199,""ope_boxt"":345,""ope_boxw"":181}]","{""labelinfo"":""商品名：""}",,「商品名：」へ「ミドルスペック」を入力する,null,null,C:\Users\vumic\Downloads\ツール資材_20240903\04_デモ用操作ログ\UC3\UC3_自組織\bdot20240415_133919.log,null,null,null,null,null
2024-04-15T13:44:14+0900,operation,Ryoma Takahashi,DESKTOP-Q316RCS,発注システム - 商品発注 - Google Chrome,file:///D:/Work/AS%E7%A0%94/Git/Documents_BIST_Tsukuba2024/99_%E3%81%9D%E3%81%AE%E4%BB%96/20240404_%E6%A5%AD%E5%8B%99%E6%94%B9%E5%96%84%E3%83%87%E3%83%A2%E3%82%B7%E3%83%8A%E3%83%AA%E3%82%AA_%E8%8D%89%E6%A1%88/order/productOrder.html,197686,Chrome_WidgetWin_1,C:\Program Files\Google\Chrome\Application\chrome.exe,11596,bdot20240415_133919/0415_134414_0.png,,value_change,2024-04-17,112.328125,21.328125,519.84375,183,date,INPUT,2024-04-17,deadline,,,,,,,true,[],"{""labelinfo"":""納期：""}",,「納期：」へ「2024-04-17」を選択する,null,null,C:\Users\vumic\Downloads\ツール資材_20240903\04_デモ用操作ログ\UC3\UC3_自組織\bdot20240415_133919.log,null,null,null,null,null
2024-04-15T13:44:19+0900,operation,Ryoma Takahashi,DESKTOP-Q316RCS,発注システム - 商品発注 - Google Chrome,file:///D:/Work/AS%E7%A0%94/Git/Documents_BIST_Tsukuba2024/99_%E3%81%9D%E3%81%AE%E4%BB%96/20240404_%E6%A5%AD%E5%8B%99%E6%94%B9%E5%96%84%E3%83%87%E3%83%A2%E3%82%B7%E3%83%8A%E3%83%AA%E3%82%AA_%E8%8D%89%E6%A1%88/order/productOrder.html,197686,Chrome_WidgetWin_1,C:\Program Files\Google\Chrome\Application\chrome.exe,11596,bdot20240415_133919/0415_134414_0.png,,value_change,MDL-800,181,27,542,231,text,INPUT,MDL-800,productCode,,,textbox,,,,false,"[{""ope_boxh"":21.328125,""ope_boxl"":183,""ope_boxt"":519.84375,""ope_boxw"":112.328125}]","{""labelinfo"":""品目コード：""}",,「品目コード：」へ「MDL-800」を入力する,null,null,C:\Users\vumic\Downloads\ツール資材_20240903\04_デモ用操作ログ\UC3\UC3_自組織\bdot20240415_133919.log,null,null,null,null,null
2024-04-15T13:44:19+0900,operation,Ryoma Takahashi,DESKTOP-Q316RCS,発注システム - 商品発注 - Google Chrome,file:///D:/Work/AS%E7%A0%94/Git/Documents_BIST_Tsukuba2024/99_%E3%81%9D%E3%81%AE%E4%BB%96/20240404_%E6%A5%AD%E5%8B%99%E6%94%B9%E5%96%84%E3%83%87%E3%83%A2%E3%82%B7%E3%83%8A%E3%83%AA%E3%82%AA_%E8%8D%89%E6%A1%88/order/productOrder.html,197686,Chrome_WidgetWin_1,C:\Program Files\Google\Chrome\Application\chrome.exe,11596,bdot20240415_133919/0415_134414_0.png,,value_change,1,181,27,659,215,text,INPUT,1,orderAmount,,,textbox,,,,false,"[{""ope_boxh"":21.328125,""ope_boxl"":183,""ope_boxt"":519.84375,""ope_boxw"":112.328125},{""ope_boxh"":27,""ope_boxl"":231,""ope_boxt"":542,""ope_boxw"":181}]","{""labelinfo"":""発注件数：""}",,「発注件数：」へ「1」を入力する,null,null,C:\Users\vumic\Downloads\ツール資材_20240903\04_デモ用操作ログ\UC3\UC3_自組織\bdot20240415_133919.log,null,null,null,null,null
2024-04-15T13:44:22+0900,operation,Ryoma Takahashi,DESKTOP-Q316RCS,発注システム - 商品発注 - Google Chrome,file:///D:/Work/AS%E7%A0%94/Git/Documents_BIST_Tsukuba2024/99_%E3%81%9D%E3%81%AE%E4%BB%96/20240404_%E6%A5%AD%E5%8B%99%E6%94%B9%E5%96%84%E3%83%87%E3%83%A2%E3%82%B7%E3%83%8A%E3%83%AA%E3%82%AA_%E8%8D%89%E6%A1%88/order/productOrder.html,197686,Chrome_WidgetWin_1,C:\Program Files\Google\Chrome\Application\chrome.exe,11596,bdot20240415_133919/0415_134414_0.png,,value_change,80000,181,27,686,183,text,INPUT,80000,price,,,textbox,,,,false,"[{""ope_boxh"":21.328125,""ope_boxl"":183,""ope_boxt"":519.84375,""ope_boxw"":112.328125},{""ope_boxh"":27,""ope_boxl"":231,""ope_boxt"":542,""ope_boxw"":181},{""ope_boxh"":27,""ope_boxl"":215,""ope_boxt"":659,""ope_boxw"":181}]","{""labelinfo"":""単価：""}",,「単価：」へ「80000」を入力する,null,null,C:\Users\vumic\Downloads\ツール資材_20240903\04_デモ用操作ログ\UC3\UC3_自組織\bdot20240415_133919.log,null,null,null,null,null
2024-04-15T13:44:22+0900,operation,Ryoma Takahashi,DESKTOP-Q316RCS,発注システム - 商品発注 - Google Chrome,file:///D:/Work/AS%E7%A0%94/Git/Documents_BIST_Tsukuba2024/99_%E3%81%9D%E3%81%AE%E4%BB%96/20240404_%E6%A5%AD%E5%8B%99%E6%94%B9%E5%96%84%E3%83%87%E3%83%A2%E3%82%B7%E3%83%8A%E3%83%AA%E3%82%AA_%E8%8D%89%E6%A1%88/order/productOrder.html,197686,Chrome_WidgetWin_1,C:\Program Files\Google\Chrome\Application\chrome.exe,11596,bdot20240415_133919/0415_134414_0.png,,click,送信,56,37,775,82,submit,BUTTON,,,,,button,,,,false,"[{""ope_boxh"":21.328125,""ope_boxl"":183,""ope_boxt"":519.84375,""ope_boxw"":112.328125},{""ope_boxh"":27,""ope_boxl"":231,""ope_boxt"":542,""ope_boxw"":181},{""ope_boxh"":27,""ope_boxl"":215,""ope_boxt"":659,""ope_boxw"":181},{""ope_boxh"":27,""ope_boxl"":183,""ope_boxt"":686,""ope_boxw"":181}]","{""labelinfo"":""単位：""}",,「送信」を押下する,null,null,C:\Users\vumic\Downloads\ツール資材_20240903\04_デモ用操作ログ\UC3\UC3_自組織\bdot20240415_133919.log,null,null,null,null,null
2024-04-15T13:44:24+0900,operation,Ryoma Takahashi,DESKTOP-Q316RCS,発注システム - Google Chrome,file:///D:/Work/AS%E7%A0%94/Git/Documents_BIST_Tsukuba2024/99_%E3%81%9D%E3%81%AE%E4%BB%96/20240404_%E6%A5%AD%E5%8B%99%E6%94%B9%E5%96%84%E3%83%87%E3%83%A2%E3%82%B7%E3%83%8A%E3%83%AA%E3%82%AA_%E8%8D%89%E6%A1%88/order/orderMenuPage.html,197686,Chrome_WidgetWin_1,C:\Program Files\Google\Chrome\Application\chrome.exe,11596,bdot20240415_133919/0415_134424_0.png,,click,ログアウト,150,32,167,245.359375,submit,BUTTON,,,,,button3,,,,true,[],"{""labelinfo"":""ようこそ　XXXXXさん""}",,「ログアウト」を押下する,null,null,C:\Users\vumic\Downloads\ツール資材_20240903\04_デモ用操作ログ\UC3\UC3_自組織\bdot20240415_133919.log,null,null,null,null,null
2024-04-15T13:44:25+0900,operation,Ryoma Takahashi,DESKTOP-Q316RCS,発注システム - ログイン画面 - Google Chrome,file:///D:/Work/AS%E7%A0%94/Git/Documents_BIST_Tsukuba2024/99_%E3%81%9D%E3%81%AE%E4%BB%96/20240404_%E6%A5%AD%E5%8B%99%E6%94%B9%E5%96%84%E3%83%87%E3%83%A2%E3%82%B7%E3%83%8A%E3%83%AA%E3%82%AA_%E8%8D%89%E6%A1%88/order/loginpage_order.html,197686,Chrome_WidgetWin_1,C:\Program Files\Google\Chrome\Application\chrome.exe,11596,bdot20240415_133919/0415_134425_0.png,,click,戻る,56,37,243,162.453125,submit,BUTTON,,,,,button,,,,true,[],"{""labelinfo"":""送信""}",,「戻る」を押下する,null,null,C:\Users\vumic\Downloads\ツール資材_20240903\04_デモ用操作ログ\UC3\UC3_自組織\bdot20240415_133919.log,null,null,null,null,null
2024-04-15T13:44:29+0900,window_close,Ryoma Takahashi,DESKTOP-Q316RCS,Program Manager,C:\Users\Ryoma Takahashi\Desktop,65824,Progman,C:\Windows\explorer.exe,1564,,,,,,,,,,,,,,,,,,,,,,,,null,null,C:\Users\vumic\Downloads\ツール資材_20240903\04_デモ用操作ログ\UC3\UC3_自組織\bdot20240415_133919.log,null,null,null,null,null
2024-04-15T13:44:29+0900,window_close,Ryoma Takahashi,DESKTOP-Q316RCS,ShortCut - Tablacus Explorer,,66644,TablacusExplorer,D:\te240227\TE64.exe,1964,,,,,,,,,,,,,,,,,,,,,,,,null,null,C:\Users\vumic\Downloads\ツール資材_20240903\04_デモ用操作ログ\UC3\UC3_自組織\bdot20240415_133919.log,null,null,null,null,null
2024-04-15T13:44:29+0900,window_close,Ryoma Takahashi,DESKTOP-Q316RCS,予約管理システム - 工事事前連絡 - Google Chrome,file:///D:/Work/AS%E7%A0%94/Git/Documents_BIST_Tsukuba2024/99_%E3%81%9D%E3%81%AE%E4%BB%96/20240404_%E6%A5%AD%E5%8B%99%E6%94%B9%E5%96%84%E3%83%87%E3%83%A2%E3%82%B7%E3%83%8A%E3%83%AA%E3%82%AA_%E8%8D%89%E6%A1%88/mainpage.html,197686,Chrome_WidgetWin_1,C:\Program Files\Google\Chrome\Application\chrome.exe,11596,,,,,,,,,,,,,,,,,,,,,,,,null,null,C:\Users\vumic\Downloads\ツール資材_20240903\04_デモ用操作ログ\UC3\UC3_自組織\bdot20240415_133919.log,null,null,null,null,null
2024-04-15T13:44:29+0900,window_close,Ryoma Takahashi,DESKTOP-Q316RCS,セットアップ,,8850290,TApplication,C:\Users\RYOMAT~1\AppData\Local\Temp\is-VRVIS.tmp\CodeSetup-stable-e170252f762678dec6ca2cc69aba1570769a5d39.tmp,13240,,,,,,,,,,,,,,,,,,,,,,,,null,null,C:\Users\vumic\Downloads\ツール資材_20240903\04_デモ用操作ログ\UC3\UC3_自組織\bdot20240415_133919.log,null,null,null,null,null
2024-04-15T13:44:29+0900,window_close,Ryoma Takahashi,DESKTOP-Q316RCS,mainpage.html - Documents_BIST_Tsukuba2024 (ワークスペース) - Visual Studio Code,,9440070,Chrome_WidgetWin_1,C:\Users\Ryoma Takahashi\AppData\Local\Programs\Microsoft VS Code\Code.exe,2032,,,,,,,,,,,,,,,,,,,,,,,,null,null,C:\Users\vumic\Downloads\ツール資材_20240903\04_デモ用操作ログ\UC3\UC3_自組織\bdot20240415_133919.log,null,null,null,null,null
